,Class,NER
16695,EVENT,南台灣大地震
20186,EVENT,高雄七三一石化氣爆
20159,EVENT,雅安大地震
20063,EVENT,宗教心靈改革 學術研討會
20047,EVENT,二０一五宗教生命關懷國際學術研討會
20045,EVENT,道教國際學術研討會
9598,EVENT,第三屆高雄會展論壇
5882,EVENT,大 魯閣草衙道
20024,EVENT,院會
13210,EVENT,COP11蒙特婁氣候變遷大會
9592,EVENT,二０一六亞太肝臟醫學研討會
19856,EVENT,國際溜冰館
13176,EVENT,祭祀典禮
9560,EVENT,二０一五金屬科技展
19739,EVENT,總統大選
1018,EVENT,美濃福安菸葉輔導站整建工程
15407,EVENT,全國油畫比賽
15415,EVENT,美•山城馬拉松比賽
6041,EVENT,第二屆族語單詞競賽活動
19649,EVENT,南台大地震
20200,EVENT,海燕颱風
20201,EVENT,桃芝風災
20230,EVENT,九二一大地震
9679,EVENT,國民小學運動會
10053,EVENT,三一一地震
21272,EVENT,春節花卉展
21268,EVENT,美術北三路住宅大樓新建工程
26324,EVENT,彌陀國中校 舍新建工程
4961,EVENT,那瑪夏賞螢
1521,EVENT,五二０
21102,EVENT,馬拉松路跑
1476,EVENT,小港沿海六里遷村推動小組
21072,EVENT,星光歡迎會
19603,EVENT,七三一石化氣爆
21058,EVENT,南橫馬拉松活動
21052,EVENT,南橫馬拉松賽
5222,EVENT,環境議題車體廣告徵選活動
26726,EVENT,三一八太陽花學運
20838,EVENT,世界運動大會
20805,EVENT,蘇迪勒颱風
20440,EVENT,70週年慶
5561,EVENT,跟查理布朗旅行趣
20382,EVENT,道教嘉年華會
1195,EVENT,二零一六新加坡國際食 品展
26559,EVENT,百工百業領袖後援會
10067,EVENT,東京食品展
13156,EVENT,客庄十二大節慶
6065,EVENT,新聞夜總會
6468,EVENT,仁武學苑兒童肚皮舞
15793,EVENT,疏伐木ＤＩＹ生活傢俱
6472,EVENT,仁武嘉年華會
13010,EVENT,里約奧運
633,EVENT,幸福家庭、兒童嘉年華會
15838,EVENT,波灣國際食品展
28227,EVENT,典範教師公開授課暨入班觀課
12998,EVENT,全國運動會
589,EVENT,普度法會
6546,EVENT,進擊的校園全國漆彈大作戰
19008,EVENT,高雄嘉年華
19002,EVENT,大立百貨
18983,EVENT,新住民慶元宵聯誼座談會
6576,EVENT,五二○
12975,EVENT,全國田徑錦標賽
28405,EVENT,高雄市長盃全國美容美髮造型技術競賽
28406,EVENT,台灣高雄市長盃全國美容美髮造型技術競賽大會
6633,EVENT,二○一六禪淨共修祈福法會
12041,EVENT,法國巴黎食品展
13025,EVENT,奧運
6422,EVENT,小營養午餐整合研討會
19116,EVENT,幸福萬人提燈大遊行
19117,EVENT,旗津踩風二日遊
6069,EVENT,龍潭現金案
6075,EVENT,紅火案
11747,EVENT,大河之舞
15474,EVENT,創新荷蘭行動展
19499,EVENT,漢神百貨
9445,EVENT,二０一七生態交通全球盛典籌備委員會
27653,EVENT,第十五次工作會議
19390,EVENT,土壤液化及老舊建物耐震補強協商會議
15628,EVENT,台北國際旅展
13150,EVENT,華開幕式
15630,EVENT,二○一六高雄國際旅展
11835,EVENT,莫拉克
19300,EVENT,○二○六震災
6261,EVENT,冠軍爭奪戰
6272,EVENT,治安會報
9385,EVENT,東沙太陽能光電系統啟用典禮
6333,EVENT,宋江陣頭大賽
6349,EVENT,燕巢區社區公車永續經營公聽會
13076,EVENT,美的總動員 －藝術家展覽會
27997,EVENT,世運會
19317,EVENT,臺南市○二○六震災罹難者頭七法會
12047,EVENT,德國科隆食品展
10118,EVENT,二０一七年生態交通全球盛典
4829,EVENT,你愛水 我節水 歡慶兒童節
10755,EVENT,二Ｏ一六六堆嘉年華活動
2344,EVENT,二次世界大戰
10744,EVENT,第五十一屆六堆運動會
10741,EVENT,大武山下的小奧運
10721,EVENT,六堆運動會
2313,EVENT,全國黨代表大會
14388,EVENT,林家血案
3584,EVENT,臨時案
22960,EVENT,歲末送暖愛心關懷活動
22934,EVENT,台灣好玩卡
14462,EVENT,李科永紀念圖書館
22857,EVENT,二二八影展
22848,EVENT,二二八紀念音樂會
22847,EVENT,二二八紀念 音樂會
22844,EVENT,大賽英雄 台灣新生
13823,EVENT,○二○六地震
2154,EVENT,木蘭女足聯賽
22836,EVENT,五月風暴
3869,EVENT,高雄環狀輕軌捷運建設第二階段統包工程
3384,EVENT,美麗島事件
14354,EVENT,高屏地區二二八
23232,EVENT, 一日農夫體驗趣
24052,EVENT,馬王政爭
10949,EVENT,二○一六國際遊艇展
14010,EVENT,文化觀光公車好好玩
10897,EVENT,百座世運
2912,EVENT,一○五年度南區技職博覽會
2530,EVENT,扁案
2990,EVENT,民進黨第十六屆第一次臨時全國黨代表大會
3005,EVENT,民主進步黨第十六屆第一次臨時全國黨代表大會
23448,EVENT,和家盃
23421,EVENT,二○一六全國第六十屆和家盃排球錦標賽
13789,EVENT,印尼峇里島迎賓舞
13917,EVENT,槌球錦標賽
23964,EVENT,環境影響評估審查委 員會第三十三次會議
14292,EVENT,二二八事件
10802,EVENT,東京奧運
14305,EVENT,二二八林宅血案
14315,EVENT,二二八慘案
23316,EVENT,幸福年菜呷辦桌
14333,EVENT,高雄市二二八和平紀念活動
2403,EVENT,台灣國際扣件展
23989,EVENT,六台灣國際遊艇展
23418,EVENT,高雄區農業改良場
4840,EVENT,樂活節
24209,EVENT,趙評彩繪衣衫展
22795,EVENT,聯合發放愛 心園遊會
4362,EVENT,第一屆海事展
4369,EVENT,高雄國際海事船舶展暨國防工業展
22361,EVENT,中常會
4391,EVENT,台灣第一屆國際海事展
24699,EVENT,春節送暖歲末關懷活動
22174,EVENT,風華再現•城市文化再生 新亮點
24870,EVENT,運動健身．快樂人生－環山健行趣
4628,EVENT,一○五年南區技職教育博覽會
21600,EVENT,寶來之美全國油畫比賽
21580,EVENT,立院民進 黨黨團會議
13588,EVENT,八八風災
13583,EVENT,台南大地震
4727,EVENT,全國漆彈大作戰第二波戰火
11445,EVENT,高雄國際旅展
25656,EVENT,立委選戰
13579,EVENT,二二八
25681,EVENT,三一八學運
4772,EVENT,小澤征 爾音樂祭
25829,EVENT,全國總動員
10387,EVENT,高雄捷運
4353,EVENT,議會藝術走廊
4345,EVENT,千里錦繡─棉紙藝術撕畫展
4342,EVENT,千里錦繡-棉紙藝術撕畫展
24224,EVENT,福蝶生態藝術冬令營
24234,EVENT,福蝶 生態藝術冬令營
2124,EVENT,木蘭足球聯賽
13784,EVENT,祝福之舞
3959,EVENT,頒獎典禮
3966,EVENT,迎春宴
22672,EVENT,全國教育局長會議
2104,EVENT,大專足球聯賽
10618,EVENT,高雄市市長盃扯鈴 暨民俗體育錦標賽
14507,EVENT,中華書道學會作品聯展
14580,EVENT,高雄哈客嘉年華會
24456,EVENT,台灣國際遊艇展
24475,EVENT,台灣國際遊艇 展
14582,EVENT,美的總動員－藝術家展覽會
14634,EVENT,太陽花學運
22532,EVENT,漯底山國際青年商會
10556,EVENT,太平洋藝術節
10531,EVENT,拉庫斯溪復興橋上游土石防治二 期工程
4200,EVENT,亞太國際教育協會暨教育展
24634,EVENT,春節送暖歲末 關懷活動
2088,EVENT,木蘭聯賽
12050,EVENT,東京國際食品展
20149,EVENT,安祈福大法會
10968,EVENT,國際同濟會二○一六亞太年會
29068,EVENT,觀光推介會
6992,EVENT,土銀七十載新春樂舞墨
15992,EVENT,南台灣強震
406,EVENT,水門案
16402,EVENT,高雄燈會藝術節
9069,EVENT,桃園燈會
12674,EVENT,大泉淨水場暨下游輸水工程
30396,EVENT,二零一五 Formosa雕塑雙年展
18515,EVENT,祈福會
17351,EVENT,玫瑰花節
30407,EVENT,Formosa雕塑雙年展
18602,EVENT,溫馨感謝卡活動
6861,EVENT,全國漆彈大賽開幕典禮
6846,EVENT,全國最大漆彈賽事
8554,EVENT,高雄旅展
18689,EVENT,○二○六震災優先處置事項研商會議
18700,EVENT,九二一地震
6832,EVENT,大同福樂學堂
475,EVENT,九州熊本強震
18708,EVENT,莫拉克風災
28960,EVENT,茄萣地區登革熱防治工作慰勞餐會活動
8539,EVENT,台北旅展
17359,EVENT,龍舟競賽
18348,EVENT,九二一震災
17772,EVENT,中央災害防救會報第三十三次會議
17789,EVENT,行政院災害防救專家諮詢委員會
17842,EVENT,全運會
17731,EVENT,二 ○○九世界運動會
17728,EVENT,二○一七世大運
29720,EVENT,總統選舉
8799,EVENT,西灣飆浪體驗活動
7421,EVENT,全國兒童才藝總決賽
17997,EVENT,全國黨員代表大會
17376,EVENT,全國漆彈大作戰記者會
17574,EVENT,登革熱疫治會議
18186,EVENT,大林蒲西南瘋音樂祭
18235,EVENT,Ｏ二Ｏ六台南震災
12713,EVENT,九二一
17432,EVENT,世運
7293,EVENT,三讀會
18312,EVENT,家庭微旅行親子野餐創意秀
17410,EVENT,世大運
162,EVENT,二次大戰
16038,EVENT,第二十一屆義工聯合隊慶
7644,EVENT,莫拉克八八風災
16534,EVENT,高雄燈會
29606,EVENT,2016高雄愛Sharing夢時代跨年晚會
16549,EVENT,燈會
6640,EVENT,台南震災
12114,EVENT,五年前三一一東日本大震災
12117,EVENT,促進日台經濟文化交流青年議員會
16774,EVENT,二○六大地震
18765,EVENT,二○一六新春文化饗宴
16796,EVENT,台北燈會
28709,EVENT,醫界大聯盟後援會成立大會
16797,EVENT,南投燈會
15842,EVENT,波灣食品展
9238,EVENT,第十一屆會員代表大會
10785,GPE,水岸
7682,GPE,大陸
22214,GPE,三地門
10921,GPE,高雄愛河
4428,GPE,政府
4443,GPE,都市
14785,GPE,南非
22202,GPE,高雄市區
10309,GPE, 前鎮區
10922,GPE,布宜諾斯艾利斯
22105,GPE,台日籍
4423,GPE,金馬
8713,GPE,路竹
22094,GPE,魯凱
10298,GPE,鳥松
22091,GPE,墨西哥
4517,GPE,肯亞
10291,GPE, 小港
10286,GPE,大社
10285,GPE,新興
22048,GPE,台東籍
4553,GPE,茅野市
4559,GPE,長野縣
10300,GPE,橋頭
10277,GPE,楠梓
14774,GPE,馬斯開特市中心
7684,GPE,上海
17443,GPE,寶業里
16387,GPE,北海道
10513,GPE,鳳山新城
8207,GPE, 雄市
10499,GPE,六龜區中興里尾庄
10480,GPE,嘉義縣
17479,GPE,左楠區
10465,GPE,茂林國
4222,GPE,小港
4237,GPE,六里
22280,GPE,鼓鹽
16385,GPE,利物浦市
10909,GPE,阿根廷
16383,GPE,宮崎縣
8665,GPE,鼓山區
8681,GPE,高雄捷運岡山
10914,GPE,Tigre
4356,GPE,高雄鳳邑
10381,GPE,高捷
8690,GPE,南霸天
7690,GPE,訪美
7686,GPE,韓國
14736,GPE,阿曼市中心
14941,GPE,高樹
10926,GPE,老虎城
14959,GPE,三清道德宮
4753,GPE,松本
8463,GPE,高雄市小港區
4761,GPE,菅谷眧
4763,GPE,開成
8809,GPE,國立
16953,GPE,大樹
10140,GPE,鹽埕
4768,GPE,大仁
8202,GPE,高雄旗津
14995,GPE,江西
4747,GPE,旭町
4783,GPE,鳳西
4790,GPE,高雄市龍華
21445,GPE,虎尾
15020,GPE,西仔灣
21364,GPE,日本九州
7510,GPE,修市
4821,GPE,桃園
23845,GPE,新園
23853,GPE,岡山地區
16182,GPE,景義
8432,GPE,台獨
4787,GPE,菅谷昭
4739,GPE,屏東縣中正國中
17706,GPE,韓國釜山
10156,GPE,梓官
21801,GPE,高雄市大樹區
4685,GPE,高雄市桃源
4692,GPE,六龜
21778,GPE,高雄市大樹區興山里
4696,GPE,壽山
21777,GPE,興山里
10217,GPE,關島
16690,GPE,高雄市內門
4700,GPE,台東縣
10930,GPE,札摩拉
10198,GPE,巴黎
10191,GPE,駐法
21629,GPE,茂管
4717,GPE,壽山國中
21607,GPE,高市府
16322,GPE,鎮東土
7604,GPE,賴清德
16298,GPE,南鯤鯓代天府
10932,GPE, 札摩拉
14990,GPE,台南巿
16243,GPE,中山國
14992,GPE,水里
10161,GPE,前金
23723,GPE,明德新村
16666,GPE,新北市政府城鄉
7814,GPE,左營區明德國小
4066,GPE,福岡
23085,GPE,臺中縣
3430,GPE,巴拿馬
3432,GPE,旅美
17217,GPE,土界
10719,GPE,六堆
10718,GPE,高雄市政府
23077,GPE,臺中市東勢區
3440,GPE,威斯康辛州
17219,GPE,日本大阪
23044,GPE,寶玉里
14379,GPE,小林村
7962,GPE,高雄巿
22957,GPE,台灣美
22953,GPE,濟興長
10683,GPE,楠梓民
14248,GPE,菲國
10826,GPE,高雄DC
16413,GPE,千葉縣
14233,GPE,茄萣區
22910,GPE,營舊城
14464,GPE,飛雁新村
7936,GPE,台西鄉崙豐
16424,GPE,Gary Millar
3424,GPE,俄羅斯
17212,GPE,新北市頂埔科學園區
10724,GPE,南臺灣
10784,GPE,橫濱
23233,GPE,高雄六龜
17076,GPE,鳳山體育園區
8548,GPE,中國大陸
8016,GPE,台灣石化
3349,GPE,加拿大
23211,GPE,苓雅夜市
3370,GPE,林肯
23420,GPE,賴隆溪
3376,GPE,華盛頓
16623,GPE,田寮
17139,GPE,謝水福
3389,GPE,堪薩斯市
3402,GPE,冰島
17152,GPE,鳥松區公所
8325,GPE,投縣
10745,GPE,六堆高屏
10806,GPE,神戶
16466,GPE,姊妹市
23294,GPE,中里里
16440,GPE,愛河
23111,GPE,臺中市豐原區
8546,GPE,六合夜市
7926,GPE,崙豐市區
3246,GPE,凱達格蘭基金
23515,GPE,左營楠梓
3796,GPE,美高
2914,GPE,雲林
8654,GPE,柴山桃源里
7844,GPE,岡山
22656,GPE,苗栗縣竹南鎮
16770,GPE,高雄市旗山
7842,GPE,南投縣埔里鎮
22635,GPE,新竹市政府
4006,GPE,高雄美
22630,GPE,新竹縣
10609,GPE,馬紹爾群島共和國
22690,GPE,全台
4025,GPE,大阪
4030,GPE,長野市
7829,GPE,燕巢
7820,GPE,海軍眷村
4032,GPE,松本市
4039,GPE,東京
2911,GPE,高雄區
8082,GPE,高雄市橋頭區
4052,GPE,琉球
14129,GPE,高雄市縣
4055,GPE,札幌
7835,GPE,崗山
22708,GPE,阿蓮
14150,GPE,大岡山區
2941,GPE,臺東縣
16788,GPE,車瓜林
16412,GPE,英國利物浦市
3807,GPE, 灣
7919,GPE,高雄道
3822,GPE,南台
16779,GPE,反馬
16408,GPE,波特蘭
2979,GPE,台南市長
3924,GPE,澄清湖
17321,GPE,樹德
3925,GPE,高雄長
2950,GPE,臺東
7907,GPE,進香團
3221,GPE,園冶
8621,GPE,大寮
17329,GPE,波特蘭市
16392,GPE,三重縣
16835,GPE,高雄南區
22762,GPE,燕巢橫山里
23555,GPE,福山里
7883,GPE,方德隆
21362,GPE,九洲
14190,GPE,茄萣
14214,GPE,高雄市苓雅區
16391,GPE,熊本 縣
9248,GPE,高雄市茄萣
4854,GPE,左營區
6179,GPE,新北秀峰
6180,GPE,五福
6181,GPE,高市五福
9418,GPE,行政區
15584,GPE,台南大地震
9409,GPE,三民
6208,GPE,桃市南崁
6210,GPE,苗縣通霄
6871,GPE,美國隊
19371,GPE,彰化
9402,GPE,南海
18641,GPE,梓官區
18643,GPE,蚵仔
6240,GPE,福營
19345,GPE,屏東縣長
15712,GPE,旗山三協里馬頭山
6856,GPE,英國
6850,GPE,台灣隊
15851,GPE,杜拜所
6285,GPE,原東
19262,GPE,日式
6315,GPE,內門
6322,GPE,順賢宮
19188,GPE,旗后
6328,GPE,高雄內門
19432,GPE,南部
15526,GPE,澳洲
9443,GPE,哈瑪星社區
6148,GPE,新北福營
7111,GPE,高雄選區
18376,GPE,台南 市
19753,GPE,赤山
18400,GPE,乞龜
6993,GPE,臺中市
6026,GPE,屏山國
19688,GPE,旗美
6984,GPE,宜蘭縣
6048,GPE,那瑪夏區
6977,GPE,高 雄市
6967,GPE,花蓮縣
6051,GPE,臺南市
19184,GPE,牡丹
19601,GPE,台南永康
19587,GPE,南台灣美濃
15958,GPE,東方大鎮
19569,GPE,永康
15461,GPE,鹿特丹
6885,GPE,日籍
15462,GPE,荷蘭
6099,GPE,越方
19523,GPE,高雄平 安
15877,GPE,張世朋
15475,GPE,阿姆斯特丹
6142,GPE,投縣埔里
6145,GPE,埔里
9066,GPE,豐原
5950,GPE,湖內
19179,GPE,茂林
19175,GPE,山東
15810,GPE,森林園區
15831,GPE,波灣
9266,GPE,新竹市
6796,GPE,南崁
6768,GPE,桃市
6747,GPE,投縣埔
9261,GPE,汶萊
19028,GPE,高雄翰
9259,GPE,嘉義 縣
9256,GPE,基隆市
6745,GPE,苗縣
18836,GPE,舊護城
9255,GPE,台南市蘇
9242,GPE,嘉義市
9254,GPE,桃園縣
6697,GPE,桃 市南崁
9252,GPE,新 加坡
6671,GPE,北投
9251,GPE,台灣台南
6618,GPE,馬祖
6670,GPE,北市北投
6627,GPE,澎湖
9250,GPE,菲律賓
9247,GPE,蘇頌
6647,GPE,台東
9301,GPE,八王子市
9302,GPE,青森
15797,GPE,潮州林
6503,GPE,嘉義
6828,GPE,大同國
6356,GPE,燕巢區
6822,GPE,高雄市市中心
19171,GPE,杉林區
19136,GPE,西城
6381,GPE,瓊林里
19135,GPE,杉林
6396,GPE,金 山
19110,GPE,河北
15732,GPE,三協里
6403,GPE,旗津區
6408,GPE,旗津國
19176,GPE,聚竹
19095,GPE,服台
18727,GPE,幸福高雄
6423,GPE,大汕
6424,GPE,佛公國
9230,GPE,馬來西亞
6439,GPE,雙北市
6451,GPE,台中市
6465,GPE,仁武
9236,GPE,印尼
18764,GPE,前屏縣
6485,GPE,南投集集
19070,GPE,中區
6493,GPE,埔里地母廟
6421,GPE,中洲
9583,GPE,全球港灣城市
5935,GPE,太爺里
19864,GPE,仁武區八卦里
8886,GPE,鳳森里
5083,GPE,六龜大佛
5138,GPE,高雄市六龜區
15096,GPE,八里無極鎮
9933,GPE,法國
5150,GPE,銅祭台
9932,GPE,南非辛巴威
21056,GPE,桃源居
18096,GPE,宜蘭縣頭城鎮
21054,GPE,桃 源
18131,GPE,明德眷村
18132,GPE,建業
21017,GPE,基隆
15107,GPE,深圳
15112,GPE,國姓鄉
9900,GPE,屏東市
5294,GPE,鳥松區鳥松里
20880,GPE,陳金德副市長
9865,GPE,蚵仔寮
9860,GPE,蚵仔寮特定區
18153,GPE,北門
18164,GPE,阪神
7376,GPE,高屏
20736,GPE,香港行
5404,GPE,旗山區
21099,GPE,那瑪夏
5069,GPE,阿部
5058,GPE,長野縣茅野市
21101,GPE,桃源
10106,GPE,日商
4876,GPE,大寮區
4878,GPE,新興區
16172,GPE,忠孝
4881,GPE,岡山區
7471,GPE,橋頭區
4883,GPE,鹽埕區
4884,GPE,林園區
21256,GPE,鼓山 區
7461,GPE,程香里
4892,GPE,路竹區
18898,GPE,三民區河堤國
15177,GPE,新埔
4903,GPE,前金區
4912,GPE,大樹區
4947,GPE,台北 市
7458,GPE,高雄市岡山區程香里
4964,GPE,左營舊城
4988,GPE,崇德國
5008,GPE,高雄城
21106,GPE,南橫
16168,GPE,高屏澎
5027,GPE,台 南市
5043,GPE,長野
7442,GPE,中正國
5050,GPE,台南地震
15068,GPE,南投慈善宮
20645,GPE,鳳山五甲社區
9815,GPE,神奈川縣
20596,GPE,瑞豐夜市
5730,GPE,高雄市林園區
20265,GPE,大陸湖北
20256,GPE,大高雄
9659,GPE,臺南
18287,GPE,紐西蘭
20217,GPE,大興
8936,GPE,高雄小港
20198,GPE,鷹潭市
7283,GPE,文化中心
20157,GPE,江西省
10951,GPE,阿國
20138,GPE,大陸四川
20270,GPE,日本海嘯
20130,GPE,汶山
15288,GPE,南投
7244,GPE,左營眷村
20051,GPE,湖北
7243,GPE,左營
8968,GPE,賴桑
7211,GPE,左營自治新村
5880,GPE,高雄前鎮
7208,GPE,眷村
7204,GPE,高雄市眷村
7189,GPE,兩岸
5920,GPE,葉厝里
15338,GPE,鼎泰里
5828,GPE,北京市
21361,GPE,九州
15256,GPE,高雄港
15241,GPE,松山
5446,GPE,旗山區鄉
20572,GPE,斗六
20568,GPE,新莊
20562,GPE,天母
20553,GPE,新竹
5486,GPE,三民區
15201,GPE,玉井
9745,GPE,勤和
9738,GPE,桃源區
20408,GPE,楠梓區清豐里
20392,GPE,高雄市林園
15225,GPE,無極
18250,GPE,鎮東土大
8919,GPE,龍鳳里
20367,GPE,彌陀區
5584,GPE,澎湖縣
5585,GPE,馬公市
20347,GPE,田寮區
9696,GPE,舊城國
5647,GPE,地扎根
20321,GPE,漢堡
20317,GPE,衛福部南區
5667,GPE,高縣
5668,GPE,城鄉
20316,GPE,左楠
5671,GPE,駁二
18214,GPE,十八瓦崗寨
10022,GPE,高雄長庚醫院
12541,GPE,高雄左營區
2788,GPE,中國
1121,GPE,小港區
27131,GPE,觀亭
1130,GPE,紅毛港
27105,GPE,路凱
13315,GPE,彌陀
13338,GPE,北高雄
1160,GPE,鳳山區
11645,GPE,大仁國
26948,GPE,前鎮八里
13367,GPE,大同
1209,GPE,新加坡
1226,GPE,大林
27139,GPE,綠營市
13374,GPE,高雄市左營區
26855,GPE,新營
1309,GPE,臺北市
13411,GPE,臺北布莊
1348,GPE,小港區港
13419,GPE,台南市將軍區
13435,GPE,中正
13438,GPE,金門縣長
11585,GPE,竹西
11579,GPE,竹東三里
1413,GPE,中芸
11575,GPE,竹南
11568,GPE,台一線岡山
1246,GPE,苗栗
11559,GPE,蘆洲區
27179,GPE,侵門踏戶
13258,GPE,港埔
27583,GPE,蘇羅 婆
27569,GPE,溫泉區
27552,GPE,寶來
27456,GPE,高雄凱旋夜市
1000,GPE,美濃區
13158,GPE,內埔
11732,GPE,波特蘭姊妹市
13163,GPE,客庄
1015,GPE,美濃
27437,GPE,雄港
11720,GPE,中華
27410,GPE,遊港
13285,GPE,旗津區長
1031,GPE,高雄市議
1040,GPE,大林浦
1041,GPE,楠梓區
1043,GPE,前鎮
11711,GPE,臺灣高雄
27318,GPE,蚵子寮漁港
1063,GPE,德國魯爾
1066,GPE,大林蒲遷村
13233,GPE,林園鄉
27281,GPE,後勁
1081,GPE,大林蒲
11680,GPE,斗山熊
1089,GPE,紅毛港遷村
1037,GPE,林園
11761,GPE,燕巢大學城
26558,GPE,里里
13451,GPE,佳里
25326,GPE,高 雄
25313,GPE,英仁
25255,GPE,麟洛
25076,GPE,眷村中心新村
1717,GPE,草衙
1727,GPE,小港前鎮
25060,GPE,士林
25011,GPE,林蒲遷村
1745,GPE,南高雄
13598,GPE,桃源寶山
1760,GPE,遷村
1761,GPE,牛寮
1679,GPE,中山
24971,GPE,四維
1795,GPE,媽祖
11389,GPE,永安區
1803,GPE,福興宮
13667,GPE,高雄路竹區
11384,GPE,永安
24834,GPE,競選總部
11383,GPE,高雄市永安區
24779,GPE,仁配
1852,GPE,民雄
24710,GPE,大岡山
24683,GPE,牡丹鄉
24676,GPE,三地門鄉
24966,GPE,中心
1441,GPE,北高
25483,GPE,前鎮小港市
25497,GPE,前鎮小港
26489,GPE,李長生路竹
26410,GPE,二 仁溪
1492,GPE,新港
1516,GPE,新北市
1517,GPE,雲林縣長
1524,GPE,新北
1535,GPE,北市
11543,GPE,蘆洲
1546,GPE,台南縣市
26195,GPE,陳菊市長
1560,GPE,屏東縣
1563,GPE,屏東
1666,GPE,仁武區
25946,GPE,花媽
11452,GPE,香港
25838,GPE,高雄市三民區
25790,GPE,楠梓泉區
25733,GPE,文武里
25723,GPE,仁武里
1614,GPE,雲林縣
25721,GPE,八卦里
1629,GPE, 桃園市
1631,GPE,桃園市
25692,GPE,建興
11446,GPE,南韓
1656,GPE,旗山
11479,GPE,亞灣
13704,GPE,台灣高雄
894,GPE,高市
849,GPE,旗津
12383,GPE,東京涉谷區
29917,GPE,青溪
12378,GPE,阿曼
241,GPE,德國
12372,GPE,東京市區
29842,GPE,路竹地區
271,GPE,高雄市仁武區
29775,GPE,二岸
29685,GPE,右昌
29659,GPE,陸淑美
12362,GPE,國連大學農夫市
12774,GPE,台灣省
12387,GPE,杜拜
12351,GPE,農夫市
29376,GPE,岡山水
29351,GPE,淡水
29343,GPE,高雄縣濱海
29332,GPE,凹 仔底
334,GPE,鳳山
340,GPE,高雄縣
29124,GPE,釜山
12798,GPE,金門
350,GPE,苓雅區
351,GPE,苗栗縣
367,GPE,台北市
374,GPE,高雄縣市
29386,GPE,岡山中街
29104,GPE,屏東縣政府
198,GPE,高雄左營
12409,GPE,國定古
6,GPE,台灣
8,GPE,高雄市
14,GPE,台南
30627,GPE,市府
26,GPE,臺灣
30,GPE,臺北國
34,GPE,高雄
39,GPE,旅德
51,GPE,熊本
55,GPE,日本
57,GPE,熊本縣
58,GPE,台南市
163,GPE,泰國
66,GPE,九州熊本縣
72,GPE,台中
77,GPE,中華民國
80,GPE,台北
30412,GPE,高雄市前鎮
12452,GPE,鳳山眷村
115,GPE,熊本市
119,GPE,日方
133,GPE,熊本縣市
12415,GPE,明德
150,GPE,緬甸
12410,GPE,海軍鳳山
157,GPE,越南
30473,GPE,高 雄縣
11782,GPE,六龜區
12306,GPE,岡山區岡山路
12298,GPE,岡山魚市
638,GPE,彰化縣
28154,GPE,高雄市橋頭新市鎮
13004,GPE,臺灣區
28120,GPE,達麗
28116,GPE,新市鎮
660,GPE,彰化縣長
11923,GPE,大台北
13026,GPE,高女
28079,GPE,高雄橋頭新市鎮
28066,GPE,橋頭新市鎮
28055,GPE,臨海新村
28001,GPE,高雄捷運
635,GPE,田尾鄉
762,GPE,苓雅
27952,GPE,高雄左營果貿社區
27945,GPE,高雄果貿
13093,GPE,甲北里
11886,GPE,林園區林家里
11881,GPE,高雄苓雅 區
13097,GPE,甲昌
13103,GPE,甲南里
811,GPE,高雄亞洲
27745,GPE,康裕成議長
11817,GPE,彩虹山宗教園區
11809,GPE,大佛位
844,GPE,鼓山
764,GPE,亞洲
397,GPE,美國
28226,GPE,福山國中
11983,GPE,高雄市岡山
12810,GPE,高雄師大
12816,GPE,澎縣
29007,GPE,信蚵里黃新長
12272,GPE,高雄國
28992,GPE,蚵仔寮社區
12864,GPE,東高雄
28944,GPE,林園大寮
12885,GPE,鳳青重
12246,GPE,桃竹苗
12891,GPE,文山特區
469,GPE,蘇炎城
28874,GPE,縣市合併
11975,GPE,阿蓮區
12176,GPE,嘉義縣長
12164,GPE,福島
12928,GPE,高雄大學區
28667,GPE,本洲
28642,GPE,岡山本洲里
28495,GPE,屏東縣前縣長
12022,GPE,芬蘭
12012,GPE,瑞典
28344,GPE,游檨仔
561,GPE,甲仙
577,GPE,甲仙區
28292,GPE, 海新村
624,GPE,甲仙道
28820,GPE,高市府鳳山
13706,GPE,巴林
4176,GPE,中山大學
13769,GPE,衛武
2376,GPE,澳地利
2381,GPE,台灣國
24343,GPE,高雄 市
2387,GPE,路竹阿蓮
23875,GPE,岡 山
2105,GPE,木蘭足球聯賽
2391,GPE,印度
13908,GPE,嘉義縣市
13734,GPE,Al Jazira
11368,GPE,新港社區
2686,GPE,內湖
23976,GPE,高雄高
11060,GPE,花蓮
13728,GPE,巴林王國
13921,GPE,永安國
2473,GPE,台 灣
23897,GPE,山鹿市
24482,GPE,高鼎
24492,GPE,前鎮區八里
1986,GPE, By 黃福鎮
2029,GPE,全國
13717,GPE,阿曼王國
11352,GPE,北京
11358,GPE,旅高
24632,GPE,牡丹鄉社區
24631,GPE,高雄市梓官區
23963,GPE,高雄市茄萣區
11080,GPE,厝里
13716,GPE, 門
11369,GPE,福利
2178,GPE,高雄市前鎮區
13881,GPE,南市
24146,GPE,台南市東區
13833,GPE,駐華
24641,GPE,鹽埔鄉
2210,GPE,前鎮區
24201,GPE,桂林
2140,GPE,南台灣
24208,GPE,高雄市前金區林投里
2722,GPE,哈瑪星
24638,GPE,鹽埔
1957,GPE,縣市
2260,GPE,獨厚台
2268,GPE,北高勞
2273,GPE,中央
13888,GPE,屏縣
1963,GPE,東京都
11110,GPE,花蓮縣壽豐鄉共和村
11134,GPE,馬賽市
2701,GPE,港都
11127,GPE,馬賽
11096,GPE,大甲苗圃
11092,GPE,台南市安南區
2350,GPE,尼泊爾
2366,GPE,日據
2696,GPE,西班牙
2205,LAW,高雄市攤販臨時集中場管理自治條例
10774,LAW,一切形式歧視公約
2515,LAW,高雄市污水下水道使用費徵收辦法
16120,LAW,紀念日及節日實施條例
16116,LAW,國安法
16109,LAW,國家安全法
16096,LAW,中華民國國徽國旗法
18140,LAW,中間檢查制度
2385,LAW,台灣國際扣件展
28541,LAW,管制條例
26870,LAW,中央下水道法
7336,LAW,台中市產業發展自治條例
21248,LAW,職業安全衛生法
12795,LAW,健康風險評估計畫
16084,LAW,不黨產處理條例
16072,LAW,政治檔案法
26346,LAW,平均地權條例
25074,LAW,首都改革陣線
16068,LAW,政黨法
1522,LAW,財政收支劃分 法
5022,LAW,觀光暨教 育交流合作備忘錄
5029,LAW,立志中學教育交流案
26361,LAW,獎勵所有權人辦理市地重劃辦法
26383,LAW, 獎勵所有權人辦理市地重劃辦法
16091,LAW,公投法
1946,LAW,地方制度法
1527,LAW,財政收支劃分法
20015,LAW,農業天然災害辦法
30391,LAW,高 雄市污水下水道使用管理自治條例
107,LAW,高雄市壽山動物園認養辦法
30326,LAW,下水道法
7997,LAW,高雄市既有工業管線管理自 治條例
12683,LAW,幼兒教育及照顧法
2671,LAW,高雄市污水下水道使用管理自治條例
1791,LAW,文資法
2628,LAW,中央修法
8660,LAW,水土保持法
14922,LAW,台灣民主憲法
16915,LAW,高雄老屋健檢政策
21817,LAW,水利法
22401,LAW,港都聯合助學服務方案
7779,LAW,漁會法
2748,LAW,憲法
8229,LAW,水污法
6463,LOC,仁武地區
23160,LOC,南台 灣
12659,LOC,烏山
677,LOC,亞洲
2186,LOC,復興路
11911,LOC,林家路
11910,LOC,一六二巷
17169,LOC,河南路
15728,LOC,旗山區
19112,LOC,波斯菊花海
19133,LOC,龍頭山遊憩區
23169,LOC,鈴鹿賽道樂園
11149,LOC,地中海
19140,LOC,港都海洋水岸
741,LOC,歐美
754,LOC,海峽兩岸區
2338,LOC,高雄柴山
766,LOC,亞洲新灣區
11103,LOC,黎明喜樂園
16768,LOC,馬頭山
9574,LOC,五大洲
771,LOC,新灣區
19186,LOC,金沙
6342,LOC,旗山
22937,LOC,池潭
6376,LOC,燕巢區
2351,LOC,南洋
14448,LOC,高雄市前金區
28208,LOC,勁溪
28616,LOC,南高雄地區
2176,LOC,民權路
17295,LOC,橋頭
13898,LOC,在地
7945,LOC,後勁溪
2691,LOC,內湖
18969,LOC,光華三路
28361,LOC,幸福川
23789,LOC,北迪化
28360,LOC,運河
23213,LOC,苓雅路
12660,LOC,南部地區
17105,LOC,五塊厝
28320,LOC,自立二路
28272,LOC,高屏海
17199,LOC,八德 路
17193,LOC,河東路
17188,LOC,左營區
634,LOC,彰南地區
17183,LOC,五福路
15811,LOC,屏東林區
11964,LOC,岡 山地區
15805,LOC,高屏地區
9333,LOC,壽昌路
15801,LOC,台灣杉
28218,LOC,福山國中
23798,LOC,南中街
28195,LOC,援中路後勁溪
2332,LOC,柴半山
13082,LOC,高雄市楠梓區藍昌路
9430,LOC,哈瑪星社區
38,LOC,嘉義 文化園區
858,LOC,鼓山
8367,LOC,北市北投
860,LOC,哈瑪星
19442,LOC,鳳山
14395,LOC,美濃山
27632,LOC,高澎區域
16586,LOC,立志街
6017,LOC,蓮潭
27631,LOC,南澎
27614,LOC,澎湖
27582,LOC,寶來溫泉區
14409,LOC,旗山老街
27560,LOC,寶來竹林地區
16588,LOC,鳳山兵仔
27551,LOC,寶來溪
27550,LOC,溫泉區
9491,LOC,行政區
27511,LOC,濁水溪
14412,LOC,美濃中正湖
15434,LOC,寶來地區
8106,LOC,林北路口
15432,LOC,小關山
16589,LOC,曹公圳
5999,LOC,環潭
843,LOC,西子灣
837,LOC,鼓山輪渡站
11787,LOC,六龜
19776,LOC,文衡殿
775,LOC,成功路
19192,LOC,湛藍大海
19219,LOC,駁二藝術特區
23238,LOC,中興社區
19239,LOC,茂林
2867,LOC,壽山動物園
15724,LOC,旗山區台二十八線
9393,LOC,東沙島
5991,LOC,蓮池潭
13890,LOC,玉山
14450,LOC,非前金區
773,LOC,高雄港
19299,LOC,台南震災區
2858,LOC,侏儒河
27764,LOC,大 街
27760,LOC,三民東
9398,LOC,東沙
11128,LOC,歐洲
17068,LOC,鳳山體育園區
817,LOC,高雄港灣
6229,LOC,新北福營
11827,LOC,台二十七線
16487,LOC,閩南
23828,LOC,原山
834,LOC,哈瑪星地區
13099,LOC,甲昌路
6678,LOC,新北秀峰
17582,LOC,苓雅 區
3289,LOC,高雄壽山動物園
17859,LOC,美麗島
17865,LOC,中都濕地
17866,LOC,中央公園
29495,LOC,七蔓站
17912,LOC,天文宮
29491,LOC,北斗七星
29485,LOC,鼓山高中
7430,LOC,高屏B區
8859,LOC,洲際
29479,LOC,涼谷
29406,LOC,岡山平和路
29392,LOC,平和路
18028,LOC,旗津地區
18068,LOC,釣魚台
18112,LOC,高市左營區眷村
29897,LOC,青溪
23899,LOC,圓潭
17504,LOC,後勁地區
29366,LOC,岡山區平和路
29961,LOC,鹽埕
8671,LOC,農十六特區
2481,LOC,台灣區域
29348,LOC,鼓山區
29345,LOC,楠梓區
23941,LOC,左營區自由路
18190,LOC,小港區
10872,LOC,鼎力路
17854,LOC,馬拉松
17448,LOC,寶珠溝
17832,LOC,援中港濕地
17783,LOC,臺南地區
17560,LOC,中南美洲
16317,LOC,永安
17598,LOC,成功路-中山路
8755,LOC,三民區民族社區
17615,LOC,民生路
8792,LOC,中正高中
17625,LOC,民生路-青年路
17627,LOC,海邊路
17637,LOC,五福三路
10851,LOC,民族路
17537,LOC,園道
8798,LOC,南臺灣水域
17644,LOC,河東
17653,LOC,河西路
17661,LOC,文武路
23916,LOC,旗尾山
8808,LOC,中山
17515,LOC,河堤公園
29691,LOC, 右昌地區
23925,LOC,阿蘇山
29681,LOC,右昌地區
17513,LOC,阿公店溪
23900,LOC,旗山溪洲
23927,LOC,旗山溪
17756,LOC,北非
12769,LOC,鳥松區
29504,LOC,太平洋
29503,LOC,翠嶺亭
12666,LOC,高屏溪
18199,LOC,紅毛港
29324,LOC,德中路
15926,LOC,前鎮區
12444,LOC,鳳山工協新村
15878,LOC,大洲
12830,LOC,澎 湖
12256,LOC,桃竹苗地區
30382,LOC,四維路
18617,LOC,紅三路
2409,LOC,新園農場園區
18657,LOC,金三角
12225,LOC,台中地區
18658,LOC,高雄岡山
12899,LOC,青年路
12903,LOC,鳳青重劃區
6833,LOC,前金區
11042,LOC,長青學苑
23282,LOC,觀音山風景區
12907,LOC,海科大東側區
6819,LOC,鹽埕區
18737,LOC,愛河蓮池潭
28747,LOC,三民東區
6802,LOC,新興區
17304,LOC,橋新七路
23245,LOC,三鳳中街
6786,LOC,北市雙園
23901,LOC,火山口
18858,LOC,鳳山溪
9244,LOC,南亞
23974,LOC,茄萣區
7320,LOC,毗 鄰地區
9043,LOC,焦山
29020,LOC,國家體育場
18243,LOC,高雄永安海線
8655,LOC,柴山桃源里地區
18257,LOC,永安海線
12326,LOC,岡山地區
23943,LOC,重信路
29171,LOC,南山
29127,LOC,夢之湖
23878,LOC,肥後國
14249,LOC,哈瑪星鐵路文化園區
23947,LOC,輔仁路
30215,LOC,鼎金
23955,LOC,鹽埕區大仁路
7856,LOC,大莊路
3135,LOC,南 萣橋
29116,LOC,高屏澎湖
5924,LOC,二仁溪
18345,LOC,社教館園區
30235,LOC,三民
23413,LOC,高雄區農改場
30270,LOC,一心一路
8648,LOC, 萬壽山
29079,LOC,凱旋觀光夜市
8645,LOC,柴山
29075,LOC,屏東白沙灣
3140,LOC,南萣橋
12300,LOC,岡 山
2681,LOC,一心路
23381,LOC,南鼓山老人活動中心
12940,LOC,東臨後勁溪
6255,LOC,雙園
20183,LOC,武當山
1338,LOC,澄清湖
22041,LOC,東海岸
9820,LOC,江之島
1344,LOC,仁大工業區
22030,LOC,建國橋
22028,LOC,中都橋
9830,LOC,高屏澎
22021,LOC,跨港水岸
5380,LOC,旗山太平商場
22013,LOC,高雄橋
22044,LOC,太平溪
9845,LOC,梓官區中正路
5351,LOC,三民區
1373,LOC,中芸地區
9861,LOC,港九街
5333,LOC,澄清湖風景區
11187,LOC,港仔埔濕地社區
1786,LOC,九如陸橋
4666,LOC,旗津鼓山
4679,LOC,桃源區
5268,LOC,南台灣
25008,LOC,仁武產創園區
9847,LOC,典寶溪
14556,LOC,甲仙區
11398,LOC,永安區
22069,LOC,縱谷風景區
1230,LOC,高雄市小港區海線
1243,LOC,金山銀山
22168,LOC,鳳山曹公圳
4318,LOC,澄清湖三亭
4497,LOC,寶來
5529,LOC,新 灣區
9753,LOC,荖濃溪
5522,LOC,高雄軟體科技園區
9789,LOC,平溪線
5498,LOC,經貿園區
10282,LOC,半屏山
5492,LOC,八德西路
5484,LOC,仁雄路
5480,LOC,仁武區
24880,LOC,鼓山公園
26853,LOC,大新營地區
4506,LOC,寶來國中
22088,LOC,萬山
20565,LOC,屏 東
13408,LOC,台南市區
20585,LOC,高雄澄清湖
22081,LOC,茂林幽谷
24312,LOC,新光路
25020,LOC,舊城文化園區
21049,LOC,南橫
25023,LOC,興達港區
24431,LOC,西南隅
14606,LOC,美濃中正湖環湖
21125,LOC,歐陸
5007,LOC,順遊壽山
10576,LOC,海洋
4971,LOC,田寮月世界
25727,LOC,高雄市仁武住宅區
9985,LOC,兩岸
26345,LOC,大鵬灣
14584,LOC,高雄客家文化園區
10144,LOC,大社
26318,LOC,彌陀地區
26310,LOC,彌陀區
26303,LOC,中正南路一巷十八弄
26142,LOC,大林蒲
10591,LOC,蘭嶼
13722,LOC,中東
4831,LOC,地球
11505,LOC,大洋
11465,LOC,台南
11484,LOC,屏東海岸
13576,LOC,金獅湖
25824,LOC,三鳳宮
24426,LOC,大順路
1497,LOC,鳳鼻頭聚落
24425,LOC,大順
11564,LOC,北高雄地區
14569,LOC,新客家文化園區
10610,LOC,哨船頭
21747,LOC,內門
5156,LOC,彩虹山
3999,LOC,西岸
13760,LOC,三多路
24372,LOC,四維二路
5149,LOC,銅祭台
22490,LOC,三民市場站
5129,LOC,六龜區
5100,LOC,朝山
5084,LOC,彩虹山宗教園區
13589,LOC,桃源寶山
22500,LOC,０北路
26398,LOC,大鵬灣遊憩區
10171,LOC,鼎金後路九十一巷口
10523,LOC,拉庫斯溪
21095,LOC,高雄東北角
3754,LOC,中正路
21098,LOC,那瑪夏區
1478,LOC,舊港
10145,LOC,仁武區平原區
14525,LOC,五甲地區
5559,LOC,鳳山西站
10598,LOC,太平洋地區
1162,LOC,左營區菁華區
4440,LOC,壽山
1123,LOC,鳳鼻頭
13805,LOC,苓雅區
24223,LOC,金獅湖蝴蝶園
10314,LOC,大社區
22385,LOC,齊聚河
10348,LOC,新興
24218,LOC,亞 洲
13236,LOC,大埕
27122,LOC,南屏路
1149,LOC,臨海二路
2168,LOC,一德路
10322,LOC,愛河
10400,LOC,大勇路
5845,LOC,中山路
22289,LOC,前金新興
22299,LOC,左楠區
4411,LOC,金獅湖風景區園區
24188,LOC,大智路四十九號二樓
3758,LOC,三路
27107,LOC,內門區南屏路
3768,LOC,大順一路
1138,LOC,濱海一路
11156,LOC,舊港灣區
1145,LOC,濱海二路
1196,LOC,東南亞
4401,LOC,金獅湖風景區
4442,LOC,台澎地區
5570,LOC,鳳山地區
10331,LOC,前金
20369,LOC,杉林區四區
20377,LOC,新興 區
14755,LOC,阿曼地區
20379,LOC,廿七區
22381,LOC,西歐
20358,LOC,十三區
1218,LOC,鳳鼻頭地區
20353,LOC,美濃區
20364,LOC,湖內區
20350,LOC,橋頭區
22179,LOC,鼓南街
1200,LOC,亞太
21936,NORP,旗山人
16504,NORP,卡 那卡那富族
927,NORP,高雄市
6034,NORP,臺灣
3802,NORP,台灣人
4263,NORP,大林蒲
1459,NORP,正港鐵人
273,NORP,仁武
18974,NORP,新住民
28490,NORP,屏東人
11730,NORP,僑胞
13545,NORP,平埔
11670,NORP,韓國
8853,NORP,小港
21074,NORP,肯亞籍
15874,NORP,中東
10572,NORP,查莫洛族
10601,NORP,關島
21800,NORP,順益
7617,NORP,布農族
5155,NORP,財團法人
3823,NORP,美國人
9486,NORP,美濃
4098,NORP,綠營
16959,NORP,甲仙
13815,NORP,印尼
16513,NORP,客家
16965,NORP,甲仙人
7629,NORP,漢族
20247,NORP,拜道教
251,NORP,日商
5834,NORP,陸資
17830,NORP,海口人
13707,NORP,阿拉伯
16508,NORP,賽德克族
24544,NORP,後勁
21784,NORP,興山
29888,NORP,青溪人
10583,NORP,蘭嶼達悟族
7646,NORP,布農
16525,NORP,撒奇萊雅族
23540,NORP,議長夫人
13602,NORP,拉阿魯哇人
203,NORP,高雄人
19859,NORP,台南
18217,NORP,高雄永安
19968,NORP,高市
22079,NORP,台日籍
7918,NORP,台西
64,NORP,日本人
22082,NORP,日籍
6205,NORP,美姍
1808,NORP,北門人
717,NORP,陸商
718,NORP,台商
23385,NORP,蘇文財
720,NORP,中國
3545,NORP,南台灣
728,NORP,中資
20336,NORP,華民
7944,NORP,進香團
10738,NORP,六堆
1205,NORP,高雄
1814,NORP,澎湖人
4499,NORP,Maigua
14519,NORP,華人
16429,NORP,魯凱族
14527,NORP,中國人
79,NORP,台灣
14741,NORP,阿拉伯人
17294,NORP,華僑
9036,NORP,道祖
5449,NORP,旗山籍
6459,NORP,仁武老人
25261,NORP,屏東
578,NORP,道教
4563,NORP,茅野
12401,NORP,回教
20774,NORP,韓國人
23181,NORP,亞洲人
4383,NORP,美商
49,NORP,日本
11335,NORP,陸客
28224,NORP,福山國中
2826,NORP,謝人
24933,NORP,英士
10190,NORP,法式
18189,NORP,荷蘭人
16480,NORP,拉阿魯哇族
14503,NORP,中醫
4530,NORP,Tarus
16474,NORP,卡那卡那富族
17340,NORP,中華
13553,NORP,平埔人
11008,NORP,文昌
23599,NORP,基督徒
12561,ORG,高市府衛生局
16662,ORG,新北市政府
14585,ORG,客家文化事務基金會
14603,ORG,高雄市分會
14043,ORG,國立嘉義大學
16176,ORG,正興
14793,ORG,精華
14770,ORG,阿曼王國國會統計資訊處
12547,ORG,高雄市政府衛生 局
14760,ORG,家樂福
16141,ORG,高雄市政府捷運工程局
14038,ORG,動植物防疫檢疫局
16143,ORG,中山大學區域運輸發展研究中心
16145,ORG,義大汽車客運
14769,ORG,阿曼王國外交部
12549,ORG,高雄公司
15024,ORG,美得心科技有限公司
16149,ORG,高 雄市政府交通局
14583,ORG,高雄市客家文化事務基金會
12550,ORG,高雄某光Ｘ生物科技公司
16665,ORG,鴻海
14037,ORG,郭章信系
16160,ORG,港都汽車客運
16164,ORG,中山大學行政
16166,ORG,東南汽車
15015,ORG,金祥鎰漁業股份有限公司
15013,ORG,北港朝天宮
16169,ORG,科技大學航運管理系
14228,ORG,政府工務局
12553,ORG,南區管理中心
15008,ORG,慈瑤慈惠堂
12776,ORG,經濟部工業局
16175,ORG,Gaby Taplick
12557,ORG,新北市營業處
16155,ORG,浩通國際
14610,ORG,中央客家委員會
14672,ORG,台北分行
13720,ORG,論壇報
12710,ORG,市府會
16500,ORG,高雄市國中
14892,ORG,高雄市高雄厝
16489,ORG,西拉雅兒童合唱團
14796,ORG,信義區新光三越
13624,ORG,高雄市政府新聞局
12689,ORG,高雄市公立托兒所
16484,ORG,南管隊
12656,ORG,境保護署
12687,ORG,托兒所
13962,ORG,台北市政府衛生 局
13670,ORG,高市府警察局
14230,ORG,自由車協會
13669,ORG,第三區養護工程處
12682,ORG,高雄市幼托園所
14060,ORG,農試所
14683,ORG,瑞穗銀行
13654,ORG,市府警察局
12680,ORG,高市公立幼兒園
14045,ORG,嘉義大學
14703,ORG,哈瑪星
14051,ORG,美濃農會
12663,ORG,台水公司
13659,ORG,路竹區公所
14743,ORG,阿曼王國台北經濟文化辦事處
12732,ORG,科大
14945,ORG,財團法人
14952,ORG,今順加 油站股份有限公司
16373,ORG,永安區公所
14021,ORG,高雄市政府工務 局
13703,ORG,超市集團
16575,ORG,鳳山分局
14645,ORG,中鋼
12607,ORG,高雄市政府原民會
16240,ORG,工務局長
13954,ORG,台北市政府衛生局
14984,ORG,鳥松武聖堂
16253,ORG,日喬遷美術館
14982,ORG,慈惠堂
16274,ORG,新任黨團
16527,ORG,中華藝校
16226,ORG,書記長
14651,ORG,高市經發局
12743,ORG,六龜學校
14974,ORG,巿紫晴前世今生咨詢有限公司
13676,ORG,高雄市交通局
16314,ORG,天文宮
12742,ORG,台北市立大學
12610,ORG,原住民學生獎學金
13982,ORG,紅頂穀創穀物文創樂園
12653,ORG,台水
16368,ORG,永安區信仰中心
14168,ORG,台北立法院
14954,ORG,台灣時報
14160,ORG,北高雄關
16277,ORG,國民黨議會黨團
14086,ORG,高市府社 會局
13214,ORG,高雄市環保局長
15031,ORG,中華道教
13034,ORG,高雄市庇護工場
15188,ORG,大總
15191,ORG,雙鳳宮
13068,ORG,高雄市藝文團體理事長協會
13895,ORG,高雄市體育會槌球委員會
15192,ORG,董監事會
13377,ORG,政府衛生局特約牙醫醫療院所
15202,ORG,德天慈愛會
15219,ORG,巨鑫聯合企業有限公司
13788,ORG,新住民中心
13084,ORG,高 雄市水利局
15224,ORG,大台南宗教服務工會
13894,ORG,正德
13095,ORG,下水道工程處
15722,ORG,旗山區公所民政
13369,ORG,政府衛生局
13889,ORG,高市土木技師
14758,ORG,台北經濟文化辦事處
14511,ORG,義守大學
15227,ORG,台倢企業有限公司
15590,ORG,市府建管處
15760,ORG,教育局視覺意象小組
13365,ORG,衛生福利部
13033,ORG,農業局蔡復進局長
15761,ORG,加工處
15174,ORG,鴻權股份有限公司
15804,ORG,聯合國氣候變化框架公約》（UNFCCC
14544,ORG,五甲農會
13776,ORG,高雄市協會
15795,ORG,屏東林管處
14367,ORG,雲林縣東明國中
14371,ORG,東學農民革命紀念財 團
14373,ORG,祥明大學
14532,ORG,中華書道學會
15179,ORG,萬善堂
13014,ORG,全國田徑協會
14529,ORG,台灣書法學會
15789,ORG,林疏伐
15787,ORG,鴻海集團揚信科技公司
15777,ORG,經濟部加工出口區管理處
13023,ORG,高雄市體育會田徑委員會
15771,ORG,高雄捷運
15770,ORG,高雄軟體園區鴻海集團
15765,ORG,鴻海集團
14374,ORG,高雄市二二 八關懷協會
13395,ORG, 山醫院
13384,ORG,特約牙醫醫療院所
15581,ORG,高雄市建管處
15537,ORG,高雄市議長
13360,ORG,區公所
13167,ORG,政府客家事務委員會
13883,ORG,彰化三春國小
15397,ORG,審計部
15276,ORG,岳福慈善會
15391,ORG,高雄市審計處
13879,ORG,高雄市永青
15390,ORG,高雄市國小
14459,ORG,護樹護地聯盟
14460,ORG,中央公園護樹護地聯盟
15381,ORG,高市國小資優資源班
15296,ORG,弘善協會
15368,ORG,工會
15343,ORG,工程顧問公司
14485,ORG,市府社會局
15340,ORG,鼎力里
14468,ORG,中央公園
15299,ORG,台北巿道教
15324,ORG,市立國民小學
13193,ORG,ICLEI
13208,ORG,　ICLEI東亞地區高雄環境永續發展能力訓練中心
13231,ORG,義大職棒球團部
15416,ORG,寶來之美
15272,ORG,台中吉成斗堂
15418,ORG,竹梅源公司
15421,ORG,竹梅源育樂事業公司
14391,ORG,歷史博物館
13108,ORG,營建署下水道工程處
15245,ORG,高雄道德院太上道德慈善會
13117,ORG,高雄市府團隊
15503,ORG,高雄長庚醫院
15252,ORG,台灣海博 特股份有限公司
15486,ORG,高雄關
14491,ORG,高雄市 政府交通局
13133,ORG,高市 府
14404,ORG,廣善堂
13896,ORG,高市永安快樂Ａ
15469,ORG,荷蘭貿易暨投資辦事處
13139,ORG,高雄競選總部
15456,ORG,高雄市政府教育局校安
15450,ORG,衛生福利部疾病管制署
13887,ORG,高雄市政 府教育局
15435,ORG,六 龜觀光休閒協會
13145,ORG,高市府都發局長
13299,ORG, 通局
13287,ORG,高 雄市輪船公司
14040,ORG,美濃區農會
15429,ORG,竹梅源育樂公司
13136,ORG,中央部會
15166,ORG, 世界弘道復興協會
15819,ORG,伊斯蘭教
15820,ORG,Parvaneh食品公司
16064,ORG,轉型正義工作小組
15093,ORG,混元宗壇
16052,ORG,家扶中心
16050,ORG,岡山展愛隊
12801,ORG,高師大
13914,ORG,地主隊
16036,ORG,鳳山展愛隊
16021,ORG,安環品管組
16020,ORG,中油興建工處
16008,ORG,市府勞工局
16003,ORG,高雄市政府勞 工局
16002,ORG,興工處
13497,ORG,LINE STORE
15960,ORG,台東玄武堂
12818,ORG,教育處
12823,ORG,澎湖縣府
15943,ORG,高雄市慈善團體聯合總會
15937,ORG,鳳西國中
15932,ORG,高雄市實物銀行
15930,ORG,幸福分享中心
15917,ORG,雄院
15092,ORG,順成銀紙行
13503,ORG,岡山醫院
15091,ORG,清華宮
15086,ORG,青城書院
13721,ORG,巴林DT News
13936,ORG,台北市市民防疫
15035,ORG,金穗豐食品有限公司
13565,ORG,春暉出版社
15041,ORG,桂田酒店
13552,ORG,高雄在地出版社
15042,ORG,全億交通器材有限公司
14242,ORG,高雄市自由車協會
16089,ORG,同黨
15048,ORG,弘驛營造有限公
15915,ORG,最高法院
12781,ORG,工業局南區工業區管理處
15056,ORG,松山慈惠堂
15064,ORG,板橋鎮聖宮
15066,ORG,忠延企 業股份有限公司
13536,ORG,國稅局
13726,ORG,家樂福超市
16077,ORG,雄中
16076,ORG,自由 時代週刊
16074,ORG,高雄中學
15075,ORG,權財製麵商號
15085,ORG,守田機械股份有限公司
13725,ORG,泰國大
16137,ORG,高雄捷運股 公司
15906,ORG,最高院
15891,ORG,台灣電力公 司
15119,ORG,金合田科技股份有限公司
12951,ORG,國軍部隊
15136,ORG,地嶽殿
14550,ORG,中醫師公會
15137,ORG, 聯發螺絲工業股份有限公司
15138,ORG,堅林企業股份有限公司
15142,ORG,中國生命集團
12953,ORG,役政署
15148,ORG,大方分公司
12957,ORG,高市府局處
15152,ORG,科技股份有限公司
12969,ORG,高市兵役
15153,ORG,德院太上道德慈善會
15154,ORG,上將國際旅行社有限公司
13432,ORG,將軍區玉天宮
12981,ORG,港都盃全國中
15160,ORG,紅毛港朝天宮
14356,ORG,首爾國立大學
12986,ORG,南部中學
13431,ORG,吳響峻布莊
13423,ORG,萬美布廠
12948,ORG,八軍
15840,ORG,杜拜台貿中心
12944,ORG,彌陀區漁會
12942,ORG,左營區海軍陸戰隊指揮部
15887,ORG,華運公司
14307,ORG,高博館
15882,ORG,榮化
13911,ORG,高市電腦Ａ
15095,ORG,無極玉清宮
13480,ORG,高市府觀光局長
12881,ORG,楠梓高中
13905,ORG,高市仁武
14340,ORG,高雄市歷史博物館
15850,ORG,阿拉 伯聯合大公國杜拜商務辦事處
15893,ORG,高雄高分院
12904,ORG,國中
13450,ORG,東億毛衣廠
13901,ORG,高市 大順
12909,ORG,台糖量販店
13765,ORG,衛武營藝術中心
15097,ORG,群鈺企業有限公司
12924,ORG,文山高
15100,ORG,道教
12929,ORG,高雄大學
12935,ORG,正修科技大學
13444,ORG,福建省政協
14345,ORG,東明國中
15988,ORG,市府養護工程處
1,ORG,衛武國家藝術文化中心
16733,ORG,許傳盛局長
24088,ORG,澄光舞蹈社
24100,ORG,台南市調處
24105,ORG,食藥署南區管理中心
24107,ORG,大魯閣新時代購物中心
24117,ORG,調查局台南市調查處
24118,ORG,台中辦公室
24119,ORG,復興分公司
24120,ORG,精彩饗宴股份有限公司
24127,ORG,台中復興店
24086,ORG,覺民所
24132,ORG,台中分店
24138,ORG,仁武物流中心
24151,ORG,高市衛生局
24153,ORG,上閤屋
24162,ORG,台中市衛生局
24168,ORG,鮮洋食品公司
24173,ORG,鮮陽食品股份有限公司
24182,ORG,台南市衛生局
24187,ORG,南中廚
24193,ORG,國立高雄科學工藝館
24137,ORG,鮮洋公司
24195,ORG,大統百貨公司
24085,ORG,高雄市人道懷協會
24069,ORG,德國聯邦法院
23858,ORG,協和
23861,ORG,新城
23862,ORG,高雄市議員陳政聞服務處
23866,ORG,世豐螺絲公司
23869,ORG,世豐
23872,ORG,信義會
23874,ORG,循理會
23894,ORG,山鹿市議會
23905,ORG,旗山 公所
24080,ORG,谷樹建設
23939,ORG,詮營公司
23958,ORG,亭停車事業公司
23969,ORG,高雄高等政法院
23972,ORG,市政府工務局
23979,ORG,法院
23987,ORG,中華民國對外貿協會
23991,ORG,經濟部國貿局
23992,ORG,台灣遊艇工業同業公會
24031,ORG,文湖線
24049,ORG,國 會
23954,ORG,歐特儀公司
23857,ORG,岡山長老
24205,ORG,高雄市政府中庭
24249,ORG,行政院農業委會
24685,ORG,財團法人慧光圓通普賢文教基金會
24727,ORG,路竹地區民進黨
24820,ORG,高雄市競選總部
24865,ORG,旗山尊懷文教基金會
24866,ORG,高雄市體育會登山健行委員會
24885,ORG,旗山區體育會
24886,ORG,旗山國民小學
24887,ORG,旗山國民中學
24896,ORG,聖戰
24682,ORG,圓通法師
24954,ORG,公督盟
25004,ORG,二0五兵工廠遷廠
25078,ORG,台北市議會民進黨團
25098,ORG,蔡英文競選總部
25136,ORG,國 民黨
25430,ORG,泛藍陣營新黨
25663,ORG, 野黨
25664,ORG,藍軍
25871,ORG,高雄市不動產開發公會
25889,ORG,高雄市代銷公會
24982,ORG,明誠中學國小
24232,ORG,金獅湖蝴蝶園
24657,ORG,社會處
24644,ORG,慧光慈善功德會
24326,ORG,捷運局長
24345,ORG,經濟部國營會
24351,ORG,台北總公司
24354,ORG,中油工會
24361,ORG,中油總部
24390,ORG,長青學苑
24445,ORG,國際貿易局
24459,ORG,高雄遊艇製造廠
24468,ORG,ShowBoats INTERNATIONAL
24655,ORG,屏東縣致府
24494,ORG,立法委
24526,ORG,高廠
24532,ORG,後勁社福基金會
24536,ORG,半屏山儲運站
24537,ORG,高雄總廠
24561,ORG,中油高廠
24562,ORG,高雄煉油總廠
24599,ORG,路竹國會
24635,ORG,鹽埔鄉媒合財團法人慧光圓通普賢文教基金會
24640,ORG,高雄市劦助慈善會
24503,ORG,新興
23843,ORG,恩光
23840,ORG,岡山活泉
23835,ORG,陳政聞
22868,ORG,愛樂基金會
22869,ORG,高雄市電影館
22874,ORG,彌陀區公所
22930,ORG,英國領事館
22940,ORG,青基金會
22945,ORG,長青綜合服務中心
22947,ORG,濟興護老慈善會
22950,ORG,高雄市美容職業工會
22956,ORG,濟興長青基金會
22831,ORG,美濃區公所
23014,ORG,康議長
23021,ORG,三民二警分局
23024,ORG,分局長
23029,ORG,高雄市警察局三民二分局
23061,ORG,北市府環保局
23080,ORG,政院
23084,ORG,高應大精密機械博士班工管組
23087,ORG,青輔會
23108,ORG,行政院南部服務中心
23110,ORG,國家安全會議
23020,ORG,三民警二分局
23118,ORG,美國奧克拉荷馬州立大學
22812,ORG,農糧署
22785,ORG,聯合發
22556,ORG,愛跑俱樂部
22562,ORG,車委員會
22567,ORG,高雄大發扶輪社
22568,ORG,港友慢跑協會
22569,ORG,鳳山慢跑 協會
22571,ORG,愛心手足慈善會
22577,ORG,柔道委員會
22578,ORG,高雄左營舊城慢跑協會
22627,ORG,青年署
22811,ORG,市府農業局
22636,ORG,全國教育局
22645,ORG,教育部國教署
22651,ORG,劍潭國小
22661,ORG,苗栗縣教育
22723,ORG,海軍陸戰隊指揮部
22726,ORG,陸軍第八軍團指揮部
22747,ORG,工務局建管處
22758,ORG,私立慈聯社會福利基金會
22766,ORG,南六公司
22768,ORG,陽旻企業
22643,ORG,宜蘭特殊教育學校
23121,ORG,總統大選
23129,ORG,馬拉松立委
23139,ORG,中執委
23532,ORG,一心獅子會
23545,ORG,國際獅子會
23557,ORG,五正明建設公司
23558,ORG,世界華人工商婦女企管協會
23560,ORG,翔寶公司
23569,ORG,高市建築
23595,ORG,政院長
23598,ORG,城市早禱會
23695,ORG,　新科
23528,ORG,東大特訓班
23703,ORG,劉世芳眷村後援會
23719,ORG,眷村文化發展協會
23769,ORG,百工百業後援會
23774,ORG,高雄海
23784,ORG,梓官區漁會
23810,ORG,聯合會
23819,ORG,高雄市社福慈善團體聯合會
23826,ORG,聖道堂
23827,ORG,世豐螺絲
23830,ORG, 福音堂
23713,ORG,高 市府
23483,ORG,國民黨立委
23460,ORG,排球委會
23453,ORG,全國排球協會
23140,ORG,臺聯議會黨團
23141,ORG,青年部
23173,ORG,草衙道購物中心
23179,ORG,大魯閣草衙道購物中心
23180,ORG,大魯閣纖維轉投資子公司
23182,ORG,大魯閣草衙道購物 中心
23199,ORG,大魯閣集團
23221,ORG,高雄市政府公車處
23267,ORG,高雄市政府經濟發展局
23281,ORG,大社
23285,ORG,保社里
23292,ORG,大社區公所
23306,ORG,大八餐飲集團
23323,ORG,鼎山店
23377,ORG,台灣美容職業工業聯合總會
23378,ORG,高市鼓山區公所
23379,ORG,高雄市長青綜合服務中心
23416,ORG,高雄市棗農
23422,ORG,中華民國排球協會
23443,ORG,二○二隊
23452,ORG,博斯體 育台MOD
25898,ORG,高雄市不動產開發 公會
25909,ORG,高雄市不動產代銷公會
25930,ORG,高雄市 不動產開發公會
25969,ORG, 委
28710,ORG,嘉南藥理大學
28723,ORG,三民區清潔隊
28796,ORG,管線安全辦公室
28835,ORG,中油高雄廠
28867,ORG,高雄縣政府
28900,ORG,高雄縣政府 建設局
28902,ORG,長榮航空公司
28904,ORG,高雄縣瓦斯公會
28914,ORG,林園鄉民代表會
28703,ORG,中山醫學大學
28926,ORG,南山人壽保險(股)公司
28935,ORG,長鴻營造公司
28938,ORG,青溪婦聯林園分會
28946,ORG,台灣房屋高雄公司
28957,ORG,茄萣社區理事長協進會
28978,ORG,蚵寮國中家長會
29001,ORG,蚵寮國小
29005,ORG,保安宮
29010,ORG,清ｏ
29011,ORG,蚵寮國中
28932,ORG,和泰保險經紀人公司
29013,ORG,武廟教育基金會
28696,ORG,蔡英文後援會
28691,ORG,臺北醫學大學
28229,ORG,教育小組
28231,ORG,法國小
28232,ORG,福山
28274,ORG,205兵工廠
28310,ORG,中選會
28390,ORG,中央環保署
28400,ORG,東方設計學院美術工藝系
28417,ORG,　東方設計學院美術工藝系
28459,ORG,中山大學電子商務研究中心
28695,ORG,醫界大聯盟後援會
28461,ORG,巴豆妖
28467,ORG,資管所
28536,ORG,高雄檢警
28561,ORG,警察局鹽埕分局
28565,ORG,刑事局南
28593,ORG,家樂福小港店
28679,ORG,高雄縣醫師公會
28683,ORG,中國醫藥大學
28684,ORG,陽明大學校友會
28685,ORG,高雄市醫界大聯盟
28464,ORG,google
29026,ORG,福利科
29034,ORG,日新合作社
29096,ORG,ＭＢＣ電視台
30187,ORG,議會黨團
30259,ORG,市府局處
30337,ORG,自來水公司服務所
30361,ORG,高市刑大
30387,ORG,民進
30395,ORG,東和鋼鐵
30400,ORG,東和鋼鐵文化基金
30401,ORG,高市府文化局
30415,ORG,高雄市教師職業工會
30154,ORG,元旦升旗
30488,ORG,國際青商
30540,ORG,大寮健統實業公司
30575,ORG,高雄市議會黨團
30576,ORG,國民 黨
30595,ORG,國民黨黨團
30657,ORG,優利萊
30658,ORG,高雄市公車處
30668,ORG,優利萊船舶公司
30671,ORG,SMARRTLINER
30676,ORG,優利萊船船公司
30523,ORG,中華統一促進黨
30078,ORG,政大黨
30054,ORG,高雄煉油總部
30046,ORG,後勁社會福利基金會
29110,ORG,釜山航空
29120,ORG,緯來戲劇台
29279,ORG,姐妹助選團
29293,ORG,全國客家後援會
29323,ORG,國防部海軍
29493,ORG,優順自動控制工業
29497,ORG,高雄市裕昌汽車
29498,ORG,福華大飯店
29502,ORG,琴觀公司
29633,ORG,政府交通局
29810,ORG,綠軍
29819,ORG,台聯黨
29884,ORG,全國青商總會
29890,ORG,高雄市青溪總會
29949,ORG,愛河咖啡館
29983,ORG,煉製事業部
29986,ORG,高雄廠長
29990,ORG,高雄廠
29998,ORG,中油公 司
30004,ORG,中油公司煉製事業部
30005,ORG,廟產管理委員會
28222,ORG,高雄市教育審查委員會
22550,ORG,蚵仔寮北極殿
28141,ORG,鳳凰時代
28102,ORG,鼎宇建設
26821,ORG,新營郵局
26822,ORG,屏東郵局
26837,ORG,中華郵政工會
26846,ORG,中華 郵政
26856,ORG,新營分會
26906,ORG,台北某傳播公司
26910,ORG,中國國民黨市黨部
26914,ORG,中國國民黨高雄市黨部
26970,ORG,橋頭農會
26740,ORG,高雄市政府兵役局
26998,ORG,里長聯誼會
27057,ORG,黨部
27084,ORG,環保署
27156,ORG,林園警分局
27159,ORG,林園區里長聯誼會
27196,ORG,資策會
27198,ORG,智崴資訊
27217,ORG,育成中心
27243,ORG,中 油公司
27267,ORG,中油高雄煉油總廠
27002,ORG,國民黨國會
27296,ORG,海洋事務推廣協會
26738,ORG,二十區區公所
26698,ORG,中央漁業署
25991,ORG,國民黨台南市黨部
26019,ORG,台南市競選總部
26138,ORG,監察院審計部
26335,ORG,高雄市輪船公司獲意精研公司
26337,ORG, 　意精研公司
26343,ORG,茶之魔手冷飲店
26356,ORG,屏東縣東港鎮公所
26384,ORG,大鵬灣自救會
26475,ORG,國民黨市黨部
26729,ORG,三民東區立委
26544,ORG,左楠區立委
26573,ORG,勞工局長
26610,ORG,美國大
26618,ORG,蘋果日報
26619,ORG,舊金山多明尼肯大學企管研究所
26626,ORG,TVBS
26631,ORG,民進黨議會黨團
26637,ORG,北維吉尼亞大學
26657,ORG,中華民國外交部
26674,ORG,林園區漁會
26545,ORG,中國國民 黨高雄市黨部
27313,ORG,舢筏協會
27324,ORG, 漁會
27333,ORG,興達港區漁會
27768,ORG,三民東區立法委
27771,ORG,高雄市里長聯誼會
27815,ORG,上港
27823,ORG,鳳山區立委
27830,ORG,大高雄警察志工協會
27842,ORG,警政署
27903,ORG,小港區漁會
27916,ORG,高市海洋局
27919,ORG,前鎮小港區民進黨
27739,ORG,朝天宮
27935,ORG,蚵子寮漁港
28059,ORG,小港
28063,ORG,臨海新村
28065,ORG, 　達麗建設
28070,ORG,隆大鳳凰
28074,ORG,鼎宇
28086,ORG,中華電信
28088,ORG,隆大
28089,ORG,達麗
28090,ORG,東方設計學院
27968,ORG,公懲會
27722,ORG,國民黨行政院
27703,ORG,指揮中心
27691,ORG,國家衛生研究院
27360,ORG,北北基
27362,ORG,社會民主黨
27380,ORG,台聯
27384,ORG,綠黨
27430,ORG,漢來大飯店
27438,ORG,漢來大飯店行銷管理部門
27444,ORG,台船工會
27445,ORG,林國正
27446,ORG,警政署緝毒中心
27450,ORG,中鋼工會
27472,ORG,高餐大附
27506,ORG,九局
27546,ORG,高雄縣政府民政處
27564,ORG,溫泉源
27571,ORG,寶來溫泉
27572,ORG,國蘭
27609,ORG,南區分署
27610,ORG,高雄市政府農 業局
27637,ORG,澎湖
27665,ORG,登革熱疫情
27686,ORG,高醫大登革熱防治研究中心
28121,ORG, 達麗建設
22548,ORG,中鋼慢跑社
22545,ORG,澄清湖友緣慢跑協會
22537,ORG,農友 慢跑協會
18450,ORG,旗山區公所
18455,ORG,鳳山區公所
18458,ORG,甲仙區公所
18460,ORG,內門區公所
18465,ORG,鳥松區公所
18467,ORG,茄萣區公所
18476,ORG,小港區公所
18482,ORG,管理處
18484,ORG,大寮區公所
18448,ORG,鎮區公所
18486,ORG,左營區公所
18489,ORG,旗津區公所
18491,ORG,鳳山區第二戶政事 務所
18492,ORG,燕巢區公所
18501,ORG, 山區公所
18579,ORG,高市府社會局
18580,ORG,國小
18624,ORG,蚵仔寮漁港
18662,ORG,蚵仔寮漁港觀光魚市
18665,ORG,魚貨直銷中心
18487,ORG,田寮區公所
18752,ORG,客務處
18447,ORG,高市府民政局
18434,ORG,苓雅區公所
18208,ORG,CHING YI 青衣
18276,ORG,台南維冠大樓
18289,ORG,台南縣政府建管課
18300,ORG,台南維冠金龍大樓
18306,ORG,台灣中油公司
18310,ORG,環境保護署
18311,ORG,台灣中油公司煉製事業部大林煉油廠
18315,ORG,中油大林煉油廠
18317,ORG,政院環保署
18442,ORG,三民區第 二戶政事務所
18319,ORG,高雄市社會教育館
18335,ORG,高雄市社教館
18342,ORG,行政院環保署
18353,ORG,主計總處
18356,ORG,○二○六震災重建協調小組
18392,ORG,高雄市苓雅區公所
18420,ORG,聯合服務中心
18421,ORG,路竹區公 所
18425,ORG,金區公所
18428,ORG,三民區公所
18327,ORG,大林煉油廠
18753,ORG,豐田國小合唱團
18755,ORG,屏東縣文化
18768,ORG,屏東縣麟洛國小
19064,ORG,鉅明公司
19066,ORG,御德國際
19069,ORG,采興業
19075,ORG,翔榛興業
19078,ORG,台灣互動電視公司
19081,ORG,千葉餐飲
19083,ORG,碳佐麻里
19086,ORG,正興活塞
19090,ORG,佳木企業
19060,ORG,高雄市政府勞工局
19093,ORG,義大皇家酒店
19104,ORG,聯鐵企業
19107,ORG,天聲工業
19111,ORG,MLD台鋁
19248,ORG,高雄糖廠
19249,ORG,高雄市觀光騎警隊
19263,ORG,台灣大學
19269,ORG, 橋頭糖廠
19325,ORG,奇美醫院
19347,ORG,新化分院
19096,ORG,承源興業
19058,ORG,欣興電子
19056,ORG,英 德工業
19054,ORG,瑞儀光電 
18787,ORG,C-BIKE
18862,ORG,阿蓮農會
18863,ORG,高雄區農業改良場
18864,ORG,農糧署南區分署
18868,ORG,農會
18905,ORG,中山國小新校區
18976,ORG,移民署
18978,ORG,新住民 家庭服務中心
18987,ORG,　外交部南部辦事處
19005,ORG,中華航空
19020,ORG,高雄翰品酒店
19022,ORG,大統集團
19029,ORG,高雄嘉年華
19037,ORG,高雄嘉年華 ＡＰＰ
19041,ORG,統一速達
19042,ORG,金茂企業
19044,ORG,益菱工業
19045,ORG,訓就中心
19048,ORG,台灣典範
19051,ORG,漢程客運
19052,ORG,全家便利商店
18195,ORG,NASYY 南西樂團
19349,ORG,台南市殯葬管理所
18192,ORG,高雄市金煙囪文化協進會
18119,ORG,嘉義大學森林系
17046,ORG,OPEN KMT
17061,ORG,台北市青工會
17065,ORG,台大哲學系
17088,ORG,新工處
17109,ORG,五權國小
17113,ORG,曙國民學校
17155,ORG,市府民政局
17175,ORG,新興分局
17191,ORG,高雄市警
17037,ORG,國民黨中生代聯盟
17259,ORG,大學棒球隊
17280,ORG,樂天巨人隊
17299,ORG,青棒
17314,ORG,青少棒
17316,ORG,十三隊
17324,ORG,波特蘭姐妹市協會
17333,ORG,皇家玫瑰協會
17338,ORG,文化藝術活動團隊
17341,ORG,美國波特蘭市姐妹會
17342,ORG,樹德家商
17262,ORG,國慶旅行社
17383,ORG,高中組
17028,ORG,國民黨高雄市黨 部
17010,ORG,五六七聯盟
16756,ORG,IPHONE
16763,ORG,高雄地檢署
16765,ORG,富駿公司
16803,ORG,校友會
16806,ORG,正修科技大學校友會
16818,ORG,正修校友會
16819,ORG,吉他社
16824,ORG,工學院長
16832,ORG,高應大土木工程學系
17026,ORG,新黨
16841,ORG,大地技師公會
16852,ORG,建管處長
16869,ORG,高雄建築師公會
16882,ORG,建管
16895,ORG,建築師公會
16904,ORG,高市工務局
16942,ORG,高雄市民政局
16963,ORG,高市民政局
16982,ORG,放聯盟
16983,ORG,南方智庫基金
16842,ORG,高雄不動產開 發公會
17431,ORG,世運籌委會
17478,ORG,財團法人勵馨社會福利事業基金會
17480,ORG,後勁廟產管理委員會
17771,ORG,震災重建協調小組
17807,ORG,北高動物園
17870,ORG,工務局工程企劃處
17896,ORG,警察局
17900,ORG,市 府
17941,ORG,高 雄
17965,ORG,聯誼會
17966,ORG,中執會
17979,ORG,黨內規章研修小組
17761,ORG,科技部
17981,ORG,高雄市黨部
17985,ORG,蘇系
17986,ORG,謝系
17994,ORG,台北市石牌國中
17996,ORG,全台縣市黨部
17998,ORG,游系
18052,ORG,高市府建管處
18113,ORG,國防部政治作戰局
18114,ORG,明德建業眷村文化發展協會
18115,ORG,高雄市國軍眷村發展協會
17983,ORG,新系
17723,ORG,台北市立動物園
17712,ORG,旗津區戶政事務所
17685,ORG,海軍陸戰隊樂儀隊
17484,ORG,永記造 漆工業股份有限公司
17486,ORG,黃石龍議員服務處
17495,ORG,林瑩蓉議員服務處
17499,ORG,秋香餅店
17501,ORG,楠梓區公所
17506,ORG,張豐藤議員服務處
17508,ORG,岡山區公所
17545,ORG,高市府工務 局
17547,ORG,六河局
17591,ORG,海軍官校樂旗隊
17592,ORG,信徹蓮慈功德會鼓 樂團
17604,ORG,中正預校樂旗隊
17613,ORG,天使鼓笛樂隊
17617,ORG,高雄市警新興分局
17623,ORG,三信家商樂旗隊
17624,ORG,樹德家商樂旗隊
17632,ORG,陸戰隊樂旗隊
17640,ORG,楚殷舞團
17642,ORG,陸軍官校軍樂隊
17677,ORG,三信家商
17683,ORG,中正 預校軍樂隊
18137,ORG,高市府農業局
16702,ORG,全國競選總部
19363,ORG,賑災基金會
19396,ORG,零二零六震災中央災害指揮中心
21429,ORG,佛公國
21430,ORG,教育部中小學磨課師課程計畫辦公室
21431,ORG,緯創資通
21436,ORG,高雄市國教輔導團
21463,ORG,勞動檢查處
21476,ORG,政府勞 工局
21477,ORG,民進黨立院
21478,ORG,蔡意黨團
21493,ORG,立院
21363,ORG,團長復健科
21494,ORG,英派黨團
21542,ORG,中常會
21572,ORG,正副院長
21599,ORG,竹梅源
21613,ORG,六龜寶來
21615,ORG,育樂公司
21658,ORG,謝辦
21664,ORG,電黨團
21760,ORG,花卉協會
21776,ORG,高雄市水利局
21498,ORG,民進黨立院黨團
21812,ORG,高市水利局
21345,ORG,港醫院
21339,ORG,市議員
21083,ORG,高雄市民生活球隊
21094,ORG,義大犀牛隊
21129,ORG,民進黨中常會
21162,ORG,科技大學
21171,ORG,高雄應用科 技大學
21173,ORG,科技大學文化創意系
21176,ORG,高雄市政府婦權會
21189,ORG,黨內
21208,ORG,消防局
21341,ORG,神經內科
21212,ORG,高雄市大型百貨賣場
21223,ORG,勞檢處
21224,ORG,勞工局勞檢處
21225,ORG,允良營造有限公司
21263,ORG,勞檢處長
21286,ORG,高雄市花卉協會
21306,ORG,漁業署長
21312,ORG,農業委員會
21315,ORG,兵役局
21330,ORG,福岡病院
21215,ORG,公共安全
21858,ORG,北高家扶中心
21883,ORG,北高雄家扶中心
21886,ORG,北高雄家扶 中心
22425,ORG,動力安全資訊公司
22431,ORG,正德海運
22436,ORG,海洋委員會
22444,ORG,南水局
22447,ORG,第七河川局
22448,ORG,農田水利會
22452,ORG,中央氣象局
22457,ORG,高屏溪流域管理委員會
22461,ORG,縣市政府
22424,ORG,海洋
22476,ORG,南區水資源局
22494,ORG,０南
22514,ORG,高市府 交通局
22518,ORG,清水巖
22521,ORG,雄獅慢跑協會
22522,ORG,長青慢跑協會
22529,ORG,光華慢跑協會
22533,ORG,阿公店長跑協會
22535,ORG,台灣中油高雄煉油廠
22536,ORG,百信建材慢跑 社
22477,ORG,高屏溪流域管 理委員會
22422,ORG,正德海運集團
22418,ORG,高雄海科大
22412,ORG,科技大學海洋工程學院
21904,ORG,旗山農工園藝科
21925,ORG,旗山天后宮
21954,ORG,立院黨團
21964,ORG,中華民國工業區廠商聯合總會
21965,ORG,中常會黨團
22050,ORG,警察局長
22056,ORG,南迴
22068,ORG,東基金
22074,ORG,花東基金
22092,ORG,米其林
22099,ORG,德川旅行社
22175,ORG,御典茶行
22201,ORG,高雄市交通警察大隊
22205,ORG,高市交通大 隊
22206,ORG,高雄市政府消保室
22207,ORG,高雄高 分院
22246,ORG,高分院
22261,ORG,民黨
22400,ORG,中華隊
22408,ORG,智崴資訊公司
22410,ORG,海事科技創新研發聯盟
21075,ORG,老鷹全馬組
19368,ORG,衛福部長
21059,ORG,十七隊啦啦隊
20990,ORG,輔英校院
19685,ORG,大同醫院
19686,ORG,岡山秀傳醫院
19689,ORG,留院
19698,ORG,緊急醫療管理系統
19703,ORG,聖功醫院
19709,ORG,高市學校
19711,ORG,國軍
19752,ORG,文衡殿
12544,ORG,民生犯罪專組
19664,ORG,旗山醫院
19826,ORG,社會 局
19836,ORG,人安基金會
19839,ORG,三民街
19841,ORG,獨居關懷隊
19842,ORG,鳳山二處街友服務中心
19932,ORG,政府海洋局
19933,ORG,永安區漁會
19997,ORG,中央農委會
20032,ORG,台灣道教
20034,ORG,台灣道教研究會
19835,ORG,街友關懷協會
20061,ORG,輔仁大學
19646,ORG,台南市對應局處
19592,ORG,高雄石化
19403,ORG,中央住宅基金
19406,ORG,台灣省土木技師公會
19426,ORG,第五二岸巡大隊
19427,ORG,文安安檢所
19428,ORG,永新安檢所
19429,ORG,區巡防局
19440,ORG,漢神超集卡
19447,ORG,高雄嘉年華APP
19453,ORG,漢砷
19607,ORG,高雄市政府災變中心
19457,ORG,漢神
19469,ORG,漢神超集點卡
19527,ORG,高雄市消防局
19528,ORG,ICU
19531,ORG,文資建物
19553,ORG,聯合醫院
19579,ORG,台聚
19584,ORG,瓦斯
19588,ORG,李長榮化工大社廠
19591,ORG,國喬化工
19464,ORG,A PP
20069,ORG,中國道教協會
20089,ORG,佛學研究室
20134,ORG,道德院
20694,ORG,元旦升
20712,ORG,中華職棒
20742,ORG,高雄熊委託經紀公司
20785,ORG,樂天巨人棒球隊
20828,ORG,高雄市中等學校運動會
20858,ORG,海軍陸戰隊兩棲偵搜大隊
20874,ORG,高雄加工區
20876,ORG,義工補路隊
20878,ORG,加工處長
20681,ORG,樂仁啟智中心
20882,ORG,左營義工補路隊
20900,ORG,日本立命館宇治 高等學校
20949,ORG,衛武營藝文中心
20952,ORG,輔英團隊
20965,ORG,輔英科大
20966,ORG, 友總會
20968,ORG,中原大學
20982,ORG,元智
20983,ORG,輔英科技大學
20984,ORG,文藻外語大學
20886,ORG,日本立命館宇治高等學校
20652,ORG,航港局
20603,ORG,市府秘書處
20600,ORG,秘書處消保官
20245,ORG,高雄道德院聯
20273,ORG,澎湖華航空
20291,ORG,三民區
20294,ORG,服 務處
20307,ORG,福基金會
20312,ORG,元帝廟
20322,ORG,文武聖殿
20324,ORG,慈善團體聯合總會
20390,ORG,高雄市政府海洋局
20411,ORG,土銀
20418,ORG,博愛分行
20427,ORG,　土地銀行
20447,ORG,社會福利 公益安養信託
20452,ORG,中華民國網球協會
20470,ORG,高雄陽明網球中心
20480,ORG,高雄海碩杯網球賽事
20501,ORG,新資優生幼兒園
20508,ORG,三太子團
20542,ORG,中華職棒大聯盟
20545,ORG,義大
20586,ORG,聯盟
21009,ORG,高市府相關局處
19787,ORG,國泰
13357,ORG,鳳山醫院
30694,ORG,市府公車處
1964,ORG,高雄縣議會
1950,ORG,台北市議會
7531,ORG,高雄部
7539,ORG,新潮流
7553,ORG,小英派
7560,ORG,民 進黨
1928,ORG,中山大學海洋環境及工程學系
7593,ORG,臺南市政府
7527,ORG,立空大
1919,ORG,水工處
7620,ORG,原民學校
7628,ORG,高雄市政府教育審議委員會
7630,ORG,高雄市原住民委員會
7632,ORG,高雄市政府原住民民族教育審議委員會
1916,ORG,高市府團隊
7636,ORG,　民族大愛國小
1905,ORG,市府內部
7640,ORG,高市教育局
7602,ORG,衛福部
7651,ORG,工務 局
1974,ORG,高醫大學生會
7518,ORG,高雄市原住民族部落大學
2022,ORG,交通部
2012,ORG,承商長鴻
2005,ORG,市府捷運局
7480,ORG,市長室
7482,ORG,高雄市政府警察局
7483,ORG,橋頭馬術中心
7484,ORG,婦幼警察隊
7486,ORG,財 團
1977,ORG,高議會
2004,ORG,捷運局
7491,ORG,日本氣象協會
7493,ORG,氣象局
1995,ORG,高醫醫院
7505,ORG,氣象局長
7506,ORG,市立空大
7507,ORG,高雄市原民會
7509,ORG,部落大學
1989,ORG,校友總會
2000,ORG,高醫大新聞
7663,ORG,二○五兵工廠
1901,ORG,公共工程委員會
7730,ORG,高雄市國小資優班
7913,ORG,台西鄉代會
1810,ORG,文化局
7923,ORG,崙豐三清宮
1801,ORG,中都聚落居民宗教信仰中心
1796,ORG,民政局
1793,ORG,鮫島盛創辦
7964,ORG,高醫大附設醫院社區醫學部
1792,ORG,文資
1813,ORG,林議
1788,ORG,文化局文資審議委員會
7968,ORG,高醫附設醫院社區醫學部
7975,ORG,公衛學系
1778,ORG,遷村辦公室
7988,ORG,中油大林廠
7990,ORG, 台聚
7991,ORG,亞聚
7992,ORG,李長榮
1776,ORG,遷村策進會
1779,ORG,市長施政
1825,ORG,中油公司
7895,ORG,高雄市議會教育委員會
1839,ORG,中油高雄煉油廠
7742,ORG,高市國小
7744,ORG,高雄區漁會
1894,ORG,綜管
7751,ORG,高雄 市政府
7755,ORG,援中漁民促進 會
1857,ORG,中油關廠
7767,ORG,漁會理事會
7772,ORG,漁會
7773,ORG,雄檢
7780,ORG,中漁民促進會
7816,ORG,明德國小
7855,ORG,高雄市工務局
1848,ORG,民雄供油中心
7872,ORG,樹科大
7876,ORG,誠品文化藝術基金會
7877,ORG,高師大教育學院
1846,ORG,市府環保局
7886,ORG,駁二書店
1841,ORG,豐德
2030,ORG,CAF
2033,ORG,教育局
2042,ORG,水 利局
2057,ORG,高雄市議會國民黨團
2320,ORG,黨團
7063,ORG,高等行政法院
2318,ORG,立法院
7076,ORG,建管處
2308,ORG,國民黨立院黨團
2306,ORG,國民黨立法院黨團
7098,ORG,高雄立委
7122,ORG,二零五兵工廠
7053,ORG,K7廠
2224,ORG,監察院
7148,ORG,北上會
7153,ORG,中央統籌分配款
2202,ORG,高雄市警察局
7197,ORG,高雄市國軍眷村文化發展協會
7232,ORG,國防委員會
7262,ORG,高雄第一科技大學
7266,ORG,一卡通公司
2194,ORG,道路交通管理處
7136,ORG,高雄市立委
7050,ORG,日月光公司
7048,ORG,高雄市環保局
2335,ORG,日本軍
2411,ORG,南鐵線公司
6905,ORG,國軍高雄總醫院左營分院
6906,ORG,高雄市政府防疫團隊
2397,ORG,地球公民基金會
2396,ORG,環保團
6907,ORG,義大醫療財團
6931,ORG,海洋局
2390,ORG,環境法律人協會
2389,ORG,高市環保局
2374,ORG,新園農場自救會
2373,ORG,震南鐵線公司
6939,ORG,市府財政局
6966,ORG,臺南關廟麵
2365,ORG,台泥公司
2348,ORG,台灣水泥
6970,ORG,土地銀行
2343,ORG,高雄市政府文化局
6982,ORG,社會福利公益安養信託
2342,ORG,淺野水泥株式會社
7286,ORG,高雄市社會局
1750,ORG,一卡通
2174,ORG,前鎮分局
2169,ORG,高雄市經發局
2132,ORG,女子社會足球隊
2128,ORG,球隊總領隊
7408,ORG,嘉合國際同濟會
2112,ORG,社會隊
2108,ORG,高雄 市體育
7413,ORG,自強會
2101,ORG,高雄市體育會足球委員會
2099,ORG,中山工商
7400,ORG, 濟會
7424,ORG,西樂組
7432,ORG,高屏B區十三分會
2098,ORG,新慶陽營造公司
2095,ORG,教育 局
7447,ORG,城北會
2094,ORG,陽信銀行
2092,ORG,全國足球協會
2071,ORG,自來水公司
2060,ORG,衛生局
7428,ORG,濟會
7396,ORG,國際
2133,ORG,Freedom Sports
7391,ORG, 正高中
7294,ORG,市議會法規委 員會
7299,ORG, 市議會
2161,ORG,鳳山足球推展促進會
7310,ORG,藍營
2142,ORG,體育處
7323,ORG,無黨聯盟
7332,ORG,超黨派聯盟
7351,ORG,台北悠遊卡公司
2138,ORG,高市體育會
7358,ORG,高雄捷運公司
7366,ORG,捷運公司
7374,ORG,中正國小
7375,ORG,金國小
2137,ORG,高雄陽信銀行女子足球隊
7378,ORG,冠君國際同濟會
7379,ORG,南台灣藝術團
7381,ORG,國際同濟會
7385,ORG,百合會
2134,ORG,高雄市女足
2173,ORG,自救會
2412,ORG,震南鋼鐵
1741,ORG,大魯閣公司
7995,ORG,中纖
8841,ORG,高雄港務公司
8857,ORG,五輕
1556,ORG,台南市政府
1555,ORG,勞動部長
8890,ORG,遊艇專區
8891,ORG,高雄團
1552,ORG,勞委會職訓局
1548,ORG,台大經濟系
8839,ORG,高雄市漁民協會聯合總會總會
8902,ORG,台灣水資源保育聯盟
8907,ORG,高雄健康空氣行動聯盟
8913,ORG,中船
1539,ORG,陸委會
8930,ORG,金煙囪文化協進會
8967,ORG,高雄市愛種樹協會
1491,ORG,高雄市海洋局
8976,ORG,市政府農業局
1489,ORG,港務公司
1547,ORG,環保署長
1467,ORG,高雄市研考會
8836,ORG,港務局
8835,ORG,高雄市漁民協會聯合總會
8753,ORG,高雄市訓練就業中心
8764,ORG,左營
8783,ORG,高雄市體育會韻律體操委員會
1578,ORG,美國北卡羅來納州立大學
8786,ORG,高雄市體育會
1576,ORG,大武山文教基金會
8795,ORG,長盃韻律體操錦標賽
1575,ORG,勞委會
1558,ORG,立委
8804,ORG,高雄市體育處
1573,ORG,台大公衛
1568,ORG,國發會
1567,ORG,勞動部
8819,ORG,高 雄市政府教育局
8821,ORG,國大專校院
8827,ORG,大林廠
1562,ORG,勞保局
1561,ORG,經建會
8811,ORG,國立中山大學
8987,ORG,高 雄市警局
8993,ORG,大地工程技師公會
1460,ORG,高市府社
9223,ORG,蘇周連姓宗親聯合總會
9229,ORG,蘇氏宗親總會
1368,ORG,漁業署
9263,ORG,世界蘇姓總會
1363,ORG,高雄煉油廠
1349,ORG,財經委員會
9284,ORG,八王子市議會
9327,ORG,日本八王子市議會
9221,ORG,台南市蘇姓宗親會
9336,ORG,創世社會福利基金會
9338,ORG,大揚文教基金會
9339,ORG,巴特里食品有限公司
9343,ORG,ＫＭＴ高雄市青工 總會
9349,ORG,登美牙醫診所
9360,ORG,台北總統府
9362,ORG,高雄市政府警察局勤務指揮中心
9367,ORG,高雄市政府客家事務委員會
9373,ORG,海巡署
9337,ORG,高雄市青年服務協會
9198,ORG,市府團隊
9188,ORG,高雄道德院孤兒院
1376,ORG,農委會
8997,ORG,高雄市不動產開發商業同業公會
9002,ORG,住安委員會
1446,ORG,夢想城市發展協會
9015,ORG,市政府衛生單位
1439,ORG,台北市政府
1433,ORG,北市府
1432,ORG,台北市政府 民政局
1431,ORG,北市府民政局
1428,ORG,台南市政府民政局
1421,ORG,高雄市政府民政局
1411,ORG,農委
9105,ORG,高雄市議會藝術走廊
9108,ORG,采風美術協會創會
9109,ORG,議會欣賞采風美術協會
9114,ORG,采風美術協會
9143,ORG,宏道佈教
1396,ORG,市府海洋局
9149,ORG,慈善會
1385,ORG,高市府海洋局
8732,ORG,勞工局訓練就業中心
1580,ORG,大學法律系系
8726,ORG,育英醫專
8662,ORG,章建築處理大隊
8061,ORG,興仁店
8063,ORG,彌盛店
8064,ORG,萊爾富
8066,ORG,I Pass一卡通
8067,ORG,復興店
8069,ORG,文青店
8071,ORG,德中店
1697,ORG,動保處
8056,ORG,全家超商西華店
8072,ORG,公路總局
8086,ORG,高雄市警局岡山分局
8088,ORG,筆秀里長
8102,ORG,路總局
8103,ORG,交通大隊
8104,ORG,橋頭區公所
8112,ORG,高雄市教育局
1688,ORG,都發局長
1683,ORG,體育局
1692,ORG,高雄市警局
8055,ORG,新楠梓店
1698,ORG,動保處合約動物醫院
1701,ORG,動物保護處
1740,ORG,國工局
1735,ORG,高雄國際航空站
7999,ORG,國喬
8008,ORG,高雄市經發局曾文生局長
8012,ORG,大連
8014,ORG,長春樹脂
8020,ORG,和桐
8021,ORG,台橡
8024,ORG,台氯
8030,ORG,台塑公司
8036,ORG,中石化
1734,ORG,高公局
8037,ORG,台石化
1721,ORG,高捷公司
8045,ORG,萊爾富新德店
1711,ORG,大魯閣
8047,ORG,I Pass
8052,ORG,統一超商潮欣店
8053,ORG,大港店
8122,ORG,高雄市教育團體
7994,ORG,高雄市既有工業管線管理技術委員會
8123,ORG,高雄高工體育
8136,ORG,市政會議
1640,ORG,中山大學
8553,ORG,高雄市旅行商業同業公會
8563,ORG,高雄市員工消費合作社
1636,ORG,高雄市水利
8566,ORG,高雄市家禽品生產合作社
8569,ORG,高雄市政府員工消費合作社
8571,ORG,郵局店
8573,ORG,農 業局
8512,ORG,台塑石化
8574,ORG,高雄物產館蓮潭旗艦店
1613,ORG,法務部
8610,ORG,中油工安
8623,ORG,鼓山區公所
8652,ORG,理大隊
1611,ORG,政大
8659,ORG,　市政府工務局
1599,ORG,國大
8661,ORG,壽山國家自然公園
8597,ORG,經委會
8506,ORG,中油公司總公司
8502,ORG,中鋼公司
8500,ORG,高雄市府
8157,ORG,高雄縣衛生局
8183,ORG,台灣南社
8190,ORG,登革熱防治中心
8191,ORG,南社
8223,ORG, 南社
8236,ORG,環保局長
8289,ORG,高雄市環境保護局
4437,ORG,軍備局
8291,ORG,日月光公吾
8292,ORG,高雄高等行政法院
8339,ORG,高雄市中正高工
8352,ORG, 五福國中
8354,ORG,先守隊
8386,ORG,新潮流系
8410,ORG,美麗島系
1661,ORG,教育部
1644,ORG,民國
8442,ORG,新潮流黨
8485,ORG,石化業者總部
8128,ORG,高雄市政府教師專業發展中心
9381,ORG,海巡署海岸巡防總局
6904,ORG,中和紀念醫院
6903,ORG,高雄市立聯合醫院
5178,ORG,成大
5180,ORG,八０二醫院
5191,ORG,六龜大佛
3934,ORG,大華派
3926,ORG,長庚醫院
5247,ORG,　統一集團
5271,ORG,科工館
5283,ORG,高市府水利局
5171,ORG,基金會
3825,ORG,美國在台協會
3784,ORG,西班牙CAF公司
3762,ORG,高市府捷運局
3752,ORG,達法
3748,ORG,長鴻
5297,ORG,工務局養工處
5299,ORG,鳳山養護工程隊
5300,ORG,養工處鳳山養護工程隊
3678,ORG,時代力量
3794,ORG,經濟發展局
5302,ORG,鳥松里里長
5152,ORG,六龜區公所
5151,ORG,民政
4960,ORG,彪琥台灣鞋故事館
3986,ORG,大揚海產/隆順漁業集團
4963,ORG,中華台灣滷味博物館
3975,ORG,台灣港 務公司
4973,ORG,穀物文創樂園
5010,ORG,紅頂穀
3969,ORG,高雄市電腦公會
3964,ORG,嘉鴻遊艇集團
3937,ORG,高雄市警局交通隊
3960,ORG,高雄分處
5046,ORG,瑞祥高中國中部
5052,ORG,長 野縣小谷中學校
5075,ORG,高雄市中學
5080,ORG,長野高校
3955,ORG,台南市長
3940,ORG,養工處鳳山養護科
5141,ORG,彩虹山宗教基金會
3939,ORG,庚醫院
5012,ORG,珍芳烏魚子見學工廠
5311,ORG,鳥松區
3641,ORG,高市議會
5338,ORG,創世基金會
5551,ORG,觀光局長
5552,ORG,傑迪斯行銷公司
5553,ORG,TAG
3417,ORG,洋基
3413,ORG,紐約洋基
5566,ORG,傑迪斯整合行銷公司
5567,ORG,十鼓擊樂團
5568,ORG,高市不動產公會
3422,ORG,律師事務所
5573,ORG,高雄分院
5602,ORG,民 事
3405,ORG,中研院
5609,ORG,高雄市民族國中木笛團
5615,ORG,民族國中木笛團
5628,ORG,家長會
5649,ORG,高督盟
5669,ORG,市府新聞局
5717,ORG,台船公司
5574,ORG,澎湖地檢署
5530,ORG,土地開發處
5524,ORG,前鎮區公所
5509,ORG,東南水泥股份有限公司
5350,ORG,唐心服務協會
5353,ORG,大揚文 教基金會
3629,ORG,中央黨部
5374,ORG,大溝頂自救會
3625,ORG,議會民進黨團
3594,ORG,國民黨籍
5424,ORG,旗山區大溝頂
5429,ORG,太平商場
5432,ORG,高雄市 土木技師公會
5433,ORG,旗山鎮公所
5434,ORG,土木技師公會
5439,ORG,旗山車站糖鐵故事館
5452,ORG,旗山車站游國治
5454,ORG,旗山車站
5463,ORG,旗山糖鐵故事館
3441,ORG,衛生署長
5469,ORG,旗山糖廠
3439,ORG,共和黨
5500,ORG,鎮地政事務所
4924,ORG,高雄市政府環保局
3991,ORG,AIT
3992,ORG,在台協會
4913,ORG,旗山區柯
4381,ORG,中信
4542,ORG,高雄市六龜區公所
4544,ORG,六龜觀光休閒協會
4380,ORG,雷神
4560,ORG,教育局長
4371,ORG,台灣國際造船
4370,ORG,洛克希德馬汀
4576,ORG,高雄市代表團
4541,ORG,竹梅源育樂事業股份有限公司
4366,ORG,三陽
4620,ORG,南台灣技職龍頭學校
4624,ORG,化材系
4626,ORG,模具系
4350,ORG,鳳邑棉紙藝術學會
4311,ORG,養工處
4631,ORG,國立高雄應用 科技大學
4661,ORG,高雄市政府交通局聯合環保局
4296,ORG,高 雄市政府水利局
4365,ORG,慶富
4527,ORG,寶康行銷股份有限公司
4524,ORG,寶來
4387,ORG,龍德
4449,ORG,交通部鐵路改建工程局
4451,ORG,國防部
4453,ORG,國產署
4455,ORG,發展局
4456,ORG,高市府都發局
4474,ORG,旗津生命紀念館
4487,ORG,高雄市客委會
4425,ORG,國防部軍備局
4494,ORG,高雄市政府觀光局
4500,ORG,高雄市寶來社區發展協會
4505,ORG,高雄市阿公店長跑協會
4509,ORG,寶來國小
4513,ORG, 寶來國中
4514,ORG,凱匯國際企業有限公司
4519,ORG,高雄市竹林休閒農業發展協會
4421,ORG,鐵改局
4396,ORG,高雄市觀光局
4523,ORG,茂林國家風景區管理處
4395,ORG,台灣區造船 工業同業公會
4667,ORG,輪船公司
5718,ORG,中國大陸廠
4671,ORG,聯合環保局
4197,ORG,成功大學
4792,ORG,鎌田中學校
4797,ORG,龍華國中
4801,ORG,智慧交易所
4135,ORG,高雄市動物保護處
4133,ORG,高雄市政 府
4089,ORG,國民黨市議會黨團
4836,ORG,國立科學工藝博物館
4081,ORG,國民黨高雄市黨部
4766,ORG,旭町中學
4075,ORG,國民 黨團
4072,ORG,市議會國民黨團
4067,ORG,高雄事務所
4862,ORG,左營長輩照顧中心
4865,ORG,翠華銀
4031,ORG,觀光局
4885,ORG,鼓山區周恆功
3998,ORG,大田精密
3994,ORG,高雄美國商會
4861,ORG,綜 合性老人服務中心
4765,ORG,小港醫院
4757,ORG,信州大學附設醫院
4737,ORG,精忠 育幼院
4188,ORG,中興大學
4694,ORG,東海 國中隊
4698,ORG,修宇爆殺SHOW隊
4701,ORG,高雄市政府少年警察隊
4702,ORG,岡山國中
4179,ORG,亞太國際教育協會
4175,ORG,APAIE理事會
4173,ORG,APAIE
4706,ORG,少年輔導委員會
4169,ORG,高雄醫 學大學
4709,ORG,麟洛國中
4714,ORG,美和國中
4715,ORG,林園高中附設國中
4168,ORG,中正大學
4719,ORG,枋寮高中國中部
4720,ORG,東海國中隊
4151,ORG,新聞局
4732,ORG,安平國中
4736,ORG,高市少輔會社
4199,ORG,中山大學國 際長
2439,ORG,Ted x Taipei
5721,ORG,小港廠遷廠
5736,ORG,台船
2900,ORG,教育部技職司
2898,ORG,高雄應用科技大學
2881,ORG,高雄市壽山動物園
6539,ORG,國中組
6541,ORG,玉山高中Ｃ隊
6543,ORG,Sniper聯隊
6544,ORG,社會教育館
2879,ORG,臺北市教育局長
6523,ORG,台南高工Ｂ隊
2877,ORG,台北動物園
2869,ORG,金仕謙園長
6560,ORG,大德工商Ｂ隊
6561,ORG,寶貝掩護我隊
2866,ORG,高雄市觀光局長
6607,ORG,市府局
6621,ORG,佛光山南台別院
2853,ORG,臺北市立動物園
2852,ORG,RUACH TOVA
2870,ORG, 山國小
2844,ORG,良善精神）非政府組織
2902,ORG,高應大
6514,ORG,ECHO隊
2920,ORG,教育部技職司長
2910,ORG,高市府教育局
6398,ORG,市政府教育局
6401,ORG,旗津區污水處理回饋金
6412,ORG,小午餐委員會
6420,ORG,津國中
6427,ORG,旗津國中
6430,ORG,旗津區污水處理回饋金管理會
6515,ORG,明道大學隊
6456,ORG,高雄市文教協會
6462,ORG,北屋社區發 展協會
6469,ORG,康健學堂隊
6489,ORG,高雄市議員暨快樂廣播網
2906,ORG,台大
6505,ORG,新國會
6510,ORG,台南應用科大隊
6511,ORG,社教館
6513,ORG,大德工商Ａ隊
6461,ORG,北屋排舞班
2840,ORG,高市社會局
2823,ORG,中華民國志工總會
6632,ORG,法會
6866,ORG,美國隊
6870,ORG,屏東縣精忠育幼院
2521,ORG,水公司
2518,ORG,花蓮縣政府
6876,ORG,文藻英日同盟隊
2462,ORG,高雄市身心障礙者口腔醫療保健中心
6881,ORG,台灣隊
2461,ORG,無障礙之家
2546,ORG,台南市議會
2460,ORG,調色板協會
2455,ORG,高雄市牙醫師公會
6890,ORG,高雄榮民總醫院
6891,ORG, 衛生局
6893,ORG,義大醫院
2453,ORG,日間服務中心
6894,ORG,高雄市立小港醫院
6897,ORG,高雄市衛生局
6900,ORG,高雄醫學院
6883,ORG,美國學術交流基金會
6845,ORG,高雄市政府少年輔導委員會
2600,ORG,財政部
6838,ORG,社會局長
6634,ORG,佛光
2822,ORG,高雄市志願服務協會
6639,ORG,佛光山
6653,ORG,佛光總會
6705,ORG,東山 高中
6714,ORG,高市五福
6731,ORG,高雄市新都慢速壘 球協會
2746,ORG,民主進步黨
6744,ORG,中小學女子壘球聯賽
2707,ORG,市政府交通局
6798,ORG,高雄醫學大學
6800,ORG,衛生局長
2692,ORG,台北市長
6801,ORG,日間照護中心
6806,ORG,大同福樂學堂
6809,ORG,高醫
2662,ORG,市政府水利局
6821,ORG,高雄市立大同醫院
2655,ORG,內政部
6388,ORG,燕巢區農會
6384,ORG,市府教育局
2943,ORG,國立恆春工商田徑隊
6377,ORG,高雄海洋科技大學
5842,ORG,經濟部投審會
5855,ORG,高雄航空公司
3321,ORG,北市 成棒
5895,ORG,高市府環保局
5921,ORG,市府都發局
5923,ORG,營建署
5930,ORG,水利署
5933,ORG,湖內區公所
3341,ORG,總統府
5938,ORG,第六河川局協
5943,ORG,內政部營建署
5947,ORG,高雄市政府都發局
5959,ORG,高雄市辦理公司
5967,ORG,高雄市經發局長
3262,ORG,民主公義講堂
5983,ORG,義診團
3255,ORG,教部
5990,ORG,台灣基金會
3276,ORG,黨中央
5839,ORG,高雄市楠梓污水廠
5838,ORG,綠山林公司
5835,ORG,北京控股公司
5740,ORG,越南廠
5741,ORG,國林號公司
5743,ORG,國林號開發股份有限公司
5751,ORG,慶 圖金屬公司
5762,ORG,德泰開發公司
5772,ORG,咖啡社
5773,ORG,特殊教育學校
5776,ORG,陸淑美服務處
5780,ORG,長怡營造公司
5784,ORG,黃宋卻基金會
3393,ORG,金管會
5796,ORG,程序委員會
3372,ORG,台灣社
5797,ORG,高雄銀行
5805,ORG,楠梓污水下水道系統BOT廠商綠山林公司
3362,ORG,親民黨
5820,ORG,議長
3352,ORG,高雄市議會民進黨團
5832,ORG,綠山林
5997,ORG,海洋科技大學
5723,ORG,台船公司消防隊
6013,ORG,海科大
6028,ORG,市府原民會
6213,ORG,士林高商
6216,ORG,中華民國高級中等學校體育總會
6235,ORG,教育部體育署學校體育組
3047,ORG,立法院黨團
6238,ORG,女壘隊
6241,ORG,秀峰高中
6248,ORG,中正高工
6251,ORG,高雄市新都慢速壘球 協會
6204,ORG,高女組
6253,ORG,高雄市政府教育局
6279,ORG,楠梓中信銀行
3025,ORG,中信兄弟九局
6300,ORG,財政部賦稅署
6309,ORG,高雄區監理所
2949,ORG,教育部體育署
2948,ORG,縣立大同高中
6360,ORG,市府交通局
6374,ORG,文藻外語 大學
6277,ORG,楠梓銀行
6202,ORG,亞特蘭大奧運中華女壘代表隊
3061,ORG,龍潭購地案
6196,ORG,東山高中
3171,ORG,主計處
6039,ORG,高雄市代表隊
6042,ORG,原民會
6049,ORG,國小組
6057,ORG,特偵組
3146,ORG,經濟部水利署
6062,ORG,台北地檢署
6072,ORG,ＴVBS
6074,ORG,新聞夜總會
3142,ORG,第六河川局
6078,ORG,特 偵組
6116,ORG,中信金紅火案
3131,ORG,南寧高中
6141,ORG,土城高中
6147,ORG,南崁高中
6169,ORG,丹鳳高中
6178,ORG,高工
6189,ORG,中華民國壘球協會
6191,ORG,埔里高工
6027,ORG,高雄市政府原
9386,ORG,經濟部能源局
8290,ORG,日月光K7廠
4430,ORG,台鐵
11687,ORG,金潭國小少棒隊
10134,ORG,第一社區大學
640,ORG,台灣陶笛藝術發展協會
10124,ORG,中山社會學系
11691,ORG, 金國中
649,ORG,彰化縣陶笛樂團
272,ORG,明華園歌仔戲團
11707,ORG,斗山
10119,ORG,哈瑪星地區
658,ORG,田尾國小
11716,ORG,中青少棒隊
11676,ORG,高雄市教育局五科
265,ORG,高雄市政府交通局
671,ORG,夢翔齊飛樂團
262,ORG,交通局
10058,ORG,高雄交流協會
10034,ORG,人事室
673,ORG,彰化縣育德國小
678,ORG,經發局
249,ORG,日商ＴＤＫ
694,ORG,國際會議協會
696,ORG,文生局長
247,ORG,日月光
732,ORG,市府經濟發展局
668,ORG,田尾鄉民代表會
10019,ORG,高雄市府農業局
637,ORG,彰化縣陶笛聯盟學校
630,ORG,高雄市仙境陶笛重奏樂團
10249,ORG,華航
284,ORG,台塑
11589,ORG,交通部公路總局
11591,ORG,交通部公路總 局
11609,ORG,樂原企業社
531,ORG,市政府
11611,ORG,少棒隊
11614,ORG,金潭國小
10221,ORG,關島觀光局
11615,ORG,斗山熊二軍
282,ORG,台塑仁武廠
10137,ORG,中山大學社會學系
11635,ORG,職棒隊
11651,ORG,金國中青少棒隊
549,ORG,林務局
10179,ORG,三民二分局交通分隊
552,ORG,高雄道德院
10173,ORG,地檢署
279,ORG,台塑企業
275,ORG,亦宛然掌中劇團
274,ORG,紙風車劇團
10172,ORG,高雄三民二分局
10165,ORG,屏東地檢署
10139,ORG,中山大學 社會學系
11650,ORG,青少棒隊
734,ORG,國貿局
246,ORG,三菱東京日聯銀行
10012,ORG,畜產科
802,ORG,百 貨
11882,ORG,富億木材有限公司
193,ORG,民進黨
808,ORG,美國總公司
11889,ORG,LVL
812,ORG,高雄市政府地政局
11895,ORG,富億公司
820,ORG,高雄市都發局
185,ORG,市議會
822,ORG,台糖公司
824,ORG,都市計畫
800,ORG,高力國際
11896,ORG,林園區公所
889,ORG,環保局
9894,ORG,屏東縣政府
169,ORG,美國農村發展組織
9889,ORG,首 波
906,ORG,市府水利局
11912,ORG,富億建材有限公司
11936,ORG,高雄市政 府農業局
926,ORG,議會國民黨團
9886,ORG,屏東縣工業策進會
9880,ORG,養護工程處
11950,ORG,高雄縣政府農業局
867,ORG,交通局聯合環保局
799,ORG,高雄地政局
206,ORG,中央
9912,ORG,客務處長
746,ORG,外貿協會
238,ORG,台 灣
233,ORG,東台精機
757,ORG,市府工務局養工處
770,ORG,統一集團
10009,ORG,長庚醫師團隊
11745,ORG,高雄市樹德家商樂舞旗隊
11752,ORG,公 路總局
774,ORG,都委會
777,ORG,日本森集團
779,ORG,中美嘉吉
231,ORG,東台精機公司
783,ORG,統一集團夢時代購物中心
227,ORG,市府
785,ORG,購物中心
9949,ORG,高雄市農會
9945,ORG,高雄物產館
11776,ORG,總 務處
9939,ORG,政府農業局
789,ORG,高雄國際展覽館
221,ORG,日月暘
795,ORG,東南水泥
796,ORG,亞洲
218,ORG,國會
9916,ORG,原住民委員會
10255,ORG,在台協會高雄分處
10263,ORG,關島議會
10308,ORG,高市府工務局
10313,ORG,土壤液化諮 詢工作站
11174,ORG,文化業務
11177,ORG,林園石化事業部
388,ORG,福特
10805,ORG,海洋文化及流行音樂中心
10801,ORG,日本森大廈公司
10799,ORG,山本和彥
10798,ORG,博多
10795,ORG,高雄市地政局
441,ORG,國民黨團
10787,ORG,森大廈
11181,ORG,里聯會
10809,ORG,株式會社
10781,ORG,上海環球金融中心
347,ORG,市黨部
10760,ORG,勞動女性紀念公園
10759,ORG,勞工局
10747,ORG,屏東縣竹田鄉竹田國小
11241,ORG,台灣國際造船公司
10720,ORG,竹田 國小
343,ORG,高雄阮綜合醫院
10711,ORG,高市府財政局
10697,ORG,路竹民眾服務社
10695,ORG,救國團
10693,ORG,大寮稅捐稽徵所
10779,ORG,聯合國
10810,ORG,台灣港務公司
10816,ORG,高雄港區土地開發公司
10827,ORG,Chris Yoshii 
11017,ORG,書院
10997,ORG,鳳儀書院
10990,ORG,郵政
10984,ORG,青中心
10979,ORG,中華郵政
394,ORG,民主黨
10978,ORG,高雄市長青 綜合服務中心
416,ORG,高雄市議會
10972,ORG,高雄郵局
10957,ORG,布黨
10948,ORG,高雄市政府秘書處
420,ORG,華盛頓
11125,ORG,市議 會
10906,ORG,太陽光電業務
10893,ORG,市府工務局
11138,ORG,觀光業務
10891,ORG,高雄市光電
10877,ORG,國道高速公路局
11146,ORG,中海
391,ORG,國防部長
10867,ORG,立法
10866,ORG,國道基金
10844,ORG,路政司
10843,ORG,運研所
10829,ORG,日本森大廈
10692,ORG,大寮民眾服務社
11967,ORG,阿蓮區蔬菜產銷班
10690,ORG,仁武民眾服務社
10672,ORG,高雄市政府財政局
10600,ORG,高市府原民會
11441,ORG,旅館商業同業公會
11449,ORG,交通部觀光局
322,ORG,國民黨
11517,ORG,台灣造船公會
320,ORG,癌生物學系
319,ORG,陽明公衛所
10569,ORG,帛琉共和國大
10565,ORG,關 島政府
316,ORG,美國國家衛 生院
11531,ORG,托老中心
11436,ORG,市政府觀光局
10540,ORG,水土保持局
309,ORG,高醫大
306,ORG,公衛所
10444,ORG,農學會園藝學會
292,ORG,明華園戲劇總團
291,ORG,明華園總團
290,ORG,台塑集團
520,ORG,高雄市政府
11557,ORG,公共托育
10371,ORG,中央地調所
10366,ORG,高捷
10350,ORG,高雄展覽館
315,ORG,哈佛大學公共衛生學院
11420,ORG,高雄市觀光協會
10617,ORG,山國中
325,ORG,陽明大學
11245,ORG,造船公會
446,ORG,議會
336,ORG,陽明醫學系
10668,ORG,中國國民黨
11263,ORG,中信造船
10658,ORG,高雄市體育會民俗體育運動委員會
10657,ORG,高雄市體 育處國際體育組
11275,ORG,慶富造船
9389,ORG,國安會
11281,ORG,高雄智崴資訊科技公司
11305,ORG,智崴資訊科技
11311,ORG,智崴資訊科技公司
11364,ORG,市府觀光局
10635,ORG,民俗體育運動委員會
10634,ORG,永康國小
468,ORG,無黨團結聯盟
470,ORG,團結聯盟
472,ORG,民進黨團
11374,ORG,新港社區發展協會
329,ORG,北市衛生局
11387,ORG, 台電興達發電廠
11392,ORG,中油永安廠
488,ORG,日本交流協會
11399,ORG,深耕永續發展協會
327,ORG,中研院生醫所
10686,ORG,鼓山服務社
939,ORG,勞健保補助
11734,ORG,樹德家商樂舞旗隊
148,ORG,農業局
946,ORG,中央補
12315,ORG,養殖 發展協會
12316,ORG,岡山魚市場股份有限公司
12338,ORG,市政府海洋局
71,ORG,Yahoo
1141,ORG,台電公司
1144,ORG,高雄市政府工務局
1154,ORG,地政局
12340,ORG,漁業同業公會
1157,ORG,高市府地政局
9660,ORG,臺南市議會
1161,ORG, 地政局
1181,ORG,繼承會
12352,ORG,青山茶葉
1187,ORG,東協
12353,ORG,公共
1201,ORG,高雄市政府農業局
1220,ORG,小港沿海六里遷村推動小組
1245,ORG,議會財政部門
12365,ORG,Ｈａｌａｌ
1283,ORG,聯想
1290,ORG,高雄市政府經發局
68,ORG,熊本縣政府
1131,ORG,都發局局
12287,ORG,高雄 市學校
1127,ORG,台電
1061,ORG,楠梓加工區
9714,ORG,新甲國小承辦
1074,ORG,研考會
1079,ORG,工務局
1083,ORG,經濟部
12221,ORG,高雄福華
1092,ORG,行政院
1099,ORG,高雄市小港區沿海六里遷村推動小組
9684,ORG,左營舊城國小事務組長
12235,ORG,義聯集團
1105,ORG,都發局
103,ORG,一卡通票證公司
12248,ORG,麗尊酒店
12250,ORG,遠雄集團
12267,ORG,高雄國賓大飯店
102,ORG,高市府觀光局
12270,ORG,高雄市國際觀光大飯店
9665,ORG,維冠大樓
1106,ORG,經濟部長
1112,ORG,中油
101,ORG,壽山動物園
1114,ORG,市府研考會
12279,ORG,高雄市教育產業工會
41,ORG,衛武營
12369,ORG,Facebook
9593,ORG,中央政府
1291,ORG,高市黨部
9461,ORG,縣市合併
9455,ORG,國民小學
12457,ORG,國軍組織
9449,ORG, 牌
25,ORG,臺中國家歌劇院
12458,ORG,政府文化局
12474,ORG,體育署
9448,ORG,高市 教育局
12486,ORG,全國縣市體育聯合總會
16,ORG,文化部
12496,ORG,台灣體育總會桌球協會
10,ORG,工程會
9438,ORG,高市府交通局
9423,ORG,政府水利局
9413,ORG,府衛生局
9406,ORG,台灣電力公司
9400,ORG,大同公司
12506,ORG,台灣體育總會
9399,ORG,海洋國家公園管理處
4,ORG,故宮南院
12518,ORG,五甲國小
9396,ORG,工業研究院
12526,ORG,高雄國稅局
9464,ORG,瀰濃非營利幼兒園
9740,ORG,三工處
9467,ORG,美濃鎮立托兒所
9477,ORG,高市教育局長
31,ORG,兩廳院
9591,ORG,茵康會議公司
12385,ORG,允偉實業
9588,ORG,高雄會展聯盟
12389,ORG,Twitter
1304,ORG,高雄黨部
9581,ORG,國際會議中心
9570,ORG,貿友展覽公司
12390,ORG,一鳴生技
9555,ORG,正修科大休閒與運動管理系
12392,ORG,福記冷凍食品
9551,ORG,美和中學棒球隊
9539,ORG,統一獅
9536,ORG,台達電子公司
12407,ORG,高雄市農 會
1308,ORG,高雄市議員
12419,ORG,高市文化局
9518,ORG,中華
1325,ORG, 市政府
9513,ORG,正修科大
9481,ORG,樹德科大
12435,ORG,國定古蹟主管機關
9479,ORG,樹德科技大學
9475,ORG,美濃社區幼兒園
1057,ORG,楠梓創新研發園區
84,ORG,外交部
11027,ORG,長青中心
113,ORG,正興輪胎
1048,ORG,楠梓中油廠區
979,ORG,財經部門
1046,ORG,工研院
987,ORG,市府經發局
116,ORG,高雄市政府社
9742,ORG,復興部落
993,ORG,客家委員會
146,ORG,高雄市政府社會局
11999,ORG,技師公會
1044,ORG,經濟
12151,ORG,日華議員懇談會
1028,ORG,高雄市政府水利局
9823,ORG,政府觀光局
12160,ORG,日華懇談會
12010,ORG,市府道安團隊
145,ORG,九州熊本震災
141,ORG,高市府
1022,ORG,水利局
127,ORG,政府
1021,ORG,國有財產署
1003,ORG,中央客家委
132,ORG,熊本縣廳
140,ORG,高雄銀行公庫部
12122,ORG,太平洋夥伴協定（TPP）
1020,ORG,客委會
136,ORG,社會局
9780,ORG,高雄市政府衛生局
9792,ORG,本江之島電鐵株式會社
1013,ORG,福安菸葉輔導站
12034,ORG,交通局長
12167,ORG,嘉義縣政府
998,ORG,市政府客委會
12208,ORG,高雄市大飯店
109,ORG,中宇環保工程公司
957,ORG,財政局
11994,ORG,工務局建築管理處
9852,ORG,　水利局
1054,ORG,楠梓中油
12193,ORG,國際觀光大飯店
1053,ORG,中油總公司
22378,PERSON,游錫 
3161,PERSON,吳碧珠
3165,PERSON,蕭永 
22564,PERSON,王柔誼
29191,PERSON,卓冠廷
23342,PERSON,李政憲
3035,PERSON,賴士葆
30254,PERSON,天麟
22566,PERSON,邱朝雄
30580,PERSON,千 萬
30086,PERSON,宋楚瑜
29045,PERSON,達卡努瓦謝
3153,PERSON,李俊賢
22773,PERSON,黃清山
22348,PERSON,楊家俍
22306,PERSON,黃昭順
210,PERSON,林全
4074,PERSON,許福明
23527,PERSON,周子瑜
4386,PERSON,韓碧祥
337,PERSON,劉景寬
3954,PERSON,迎春宴
30190,PERSON,黃璽文
22570,PERSON,蘇順三
22781,PERSON,劉清良
29257,PERSON,謝龍介
22560,PERSON,李采懌
23322,PERSON,吳博安
3304,PERSON,陳順勝
50,PERSON,林佳龍
23239,PERSON,高雄嘉年華
30529,PERSON,邱于軒
4367,PERSON,蔡 
328,PERSON,黃柏霖
401,PERSON,布希
48,PERSON,簡文彬
23246,PERSON,吳秉承
331,PERSON,陳寶輝
29313,PERSON,戴德銘
29300,PERSON,雙菊
29294,PERSON,邱顯智
398,PERSON,愛德華甘迺迪
30549,PERSON,北 上
332,PERSON,朱立倫
23536,PERSON,林絲娛
29285,PERSON,柯 建銘
3254,PERSON,林濁水
23533,PERSON,曾明麗
3245,PERSON,陳致中
3242,PERSON,杜正勝
3228,PERSON,蔡敏文
3032,PERSON,柯ｐ
333,PERSON,林國正
3211,PERSON,葉菊蘭
3201,PERSON,黃秀文
29126,PERSON,尹博飾
22384,PERSON,慈善團
30683,PERSON,李 懿芳
22298,PERSON,李復興
4050,PERSON,松本
30132,PERSON,林民 傑
30016,PERSON,李順卿
3989,PERSON,黃水成
29099,PERSON,尹博
30115,PERSON,元旦升
3036,PERSON,陳亭妃
3988,PERSON,佳鴻
30095,PERSON,周鍾戰
158,PERSON,U Ba Myo Thein
151,PERSON,蔡復進
23455,PERSON,王和家
18,PERSON,洪孟啟
22632,PERSON,劉火欽
22240,PERSON,理敦
29098,PERSON,朴在俊
17,PERSON,衛武營藝術文化中心
23466,PERSON,章金榮
389,PERSON,老布希
29082,PERSON,尹博接機
22587,PERSON,鄭運鵬
4022,PERSON,張志清
9,PERSON,顏久榮
23469,PERSON,中正高中
390,PERSON,蔡英文
22237,PERSON,高雄高分院
22225,PERSON,鄭文華
22721,PERSON,感謝盃
3970,PERSON,杜維浩
4021,PERSON,劉慶洲
22634,PERSON,吳思華
3063,PERSON,徐永明
30010,PERSON,李順 欽
386,PERSON,尼克森
22572,PERSON,賈凌慧
22284,PERSON,張 省
23395,PERSON,蘇文財
23519,PERSON,林錫山
3957,PERSON,呂佳揚
23404,PERSON,吳楊月琴
3139,PERSON,蔡旺詮
29122,PERSON,金成鈴
3138,PERSON,林志文
29055,PERSON,曾詠幃
3134,PERSON,陳玉娟
4002,PERSON,李孔文
22575,PERSON,楊育庭
3127,PERSON,林良文
29070,PERSON,李聖經
385,PERSON,福特
30584,PERSON,許崑
29067,PERSON,姜怡瑟
3126,PERSON,姜忠宏
22278,PERSON,李 喬如
22576,PERSON,李柏諺
22212,PERSON,許阿桃
3113,PERSON,陳建仁
4029,PERSON,中郡錦藏
23446,PERSON,黃煥永
3109,PERSON,柯文 哲盼
3065,PERSON,吳秉叡
22581,PERSON,沈富雄
22586,PERSON,沈請益
22259,PERSON,張俊宏
22409,PERSON,蔡邦權
3315,PERSON, 柯ｐ
4144,PERSON,丁允恭
4363,PERSON,李巾萱
281,PERSON,孫翠鳳
29646,PERSON, 陸淑美
3787,PERSON,梅建華
22849,PERSON,曾宇謙
277,PERSON,王永在
276,PERSON,明華園
3499,PERSON,陳菊市
22534,PERSON,巫帛宏
29749,PERSON,林壽山
22853,PERSON, 涵
23037,PERSON,張真榮
23036,PERSON,本元里
23035,PERSON,李世昌
23032,PERSON,林志賢
23039,PERSON,陳明俊
3500,PERSON,康裕誠
23045,PERSON,黃正助
23053,PERSON,陳 其邁
3421,PERSON,蒲亭
99,PERSON,馬英九
29608,PERSON,炎亞綸
3423,PERSON,甘勞格森 
22843,PERSON,莊東杰
23091,PERSON,劉養望
29624,PERSON,李玉璽
3425,PERSON,建仔
29617,PERSON,阿Ken
3433,PERSON,浩鼎
3437,PERSON,翁郁琇
3800,PERSON,梅健華
29619,PERSON,曾寶儀
29622,PERSON, Boxing
3426,PERSON,翁 啟惠
23027,PERSON,寶興里
23026,PERSON,本武里
23025,PERSON,林恭正
29768,PERSON,黃昭峰
29770,PERSON,鄧崑耀
22528,PERSON,李奎龍
22951,PERSON,蘇成達
29771,PERSON,許文良
22949,PERSON,梁素蘭
22952,PERSON,曾燈友
22883,PERSON,永安
3668,PERSON,顧立雄
3675,PERSON,徐 永
3707,PERSON,議長康裕成
29779,PERSON,蔡明德
3679,PERSON,李俊俋
4139,PERSON,徐榮彬
3648,PERSON,探扁
29763,PERSON,樹立廉
22955,PERSON,羅銘鴻
29758,PERSON,梅再興
3544,PERSON,陳 菊
23022,PERSON,吳阿吉
3561,PERSON,鄭新助
3568,PERSON,陳 水扁
23016,PERSON,潘進派
23015,PERSON,林昆明
3585,PERSON,李全教
22979,PERSON,蔡宗彥
22863,PERSON,楊力州
29883,PERSON,郭國志
23542,PERSON,萬春賢
3616,PERSON,黃重諺
4156,PERSON,黃志中
22525,PERSON,黃詩涵
22526,PERSON,曾奕豪
29602,PERSON,郭曉曉
29600,PERSON,李佳葳
29599,PERSON,謝金燕
3418,PERSON,張盛和
22538,PERSON,馬拉松
4348,PERSON,陳順
22439,PERSON,黃世偉
29430,PERSON,福利科
29466,PERSON,旗典禮
308,PERSON,陳宜民
3356,PERSON,馬 英九
4129,PERSON,燕巢
300,PERSON,沈英章
4322,PERSON,林意翔
297,PERSON,王詹樣
29912,PERSON,青溪
4309,PERSON,陳清茂
29499,PERSON,林仁洲
29486,PERSON,曾文仁
23203,PERSON,張智翔
4352,PERSON,千里錦繡
23207,PERSON,洪正文
3317,PERSON,柯 文哲
324,PERSON,陳皆興
30492,PERSON,林俊揚
22417,PERSON,黃煌初
222,PERSON,陳菊昨
22804,PERSON,鍾金輝
4092,PERSON,陳粹鑾
23214,PERSON,張峻禋
4359,PERSON,李叔同
3683,PERSON,陳前
29363,PERSON,吳淑華
29948,PERSON,簡煥忠
23212,PERSON,潘德源
4358,PERSON,弘一
4354,PERSON,劉瓊芬
29905,PERSON,倫豪
22797,PERSON,高雄燕巢
30482,PERSON,郭 倫豪
3918,PERSON,周明岳
30349,PERSON,洪文正
29517,PERSON,謝德水
29519,PERSON,曾大瑞
23158,PERSON,謝 系
3406,PERSON,李明亮
29573,PERSON,SpeXial
29901,PERSON,大 會
29579,PERSON,陳勢安
3407,PERSON,王建民
29593,PERSON,陳彥允
95,PERSON,柯文哲
29598,PERSON,朱俐靜
23131,PERSON,林岱
3414,PERSON,川普
29583,PERSON,廷廷
29510,PERSON,郭來福
82,PERSON,陳菊
4180,PERSON,郭志文
3397,PERSON,莫薩克馮賽卡
22832,PERSON,鍾金 輝
4212,PERSON,張善政
30437,PERSON,莊啟
30416,PERSON,董書攸
287,PERSON,許慧玉
3398,PERSON,翁啟惠
23171,PERSON,鈴木知事
75,PERSON,賴清德
283,PERSON,項羽
29506,PERSON,陳俊明
29507,PERSON,林芳川
3404,PERSON,克魯茲
30414,PERSON,陳建志
23162,PERSON,鈴木英敬
29500,PERSON,王櫻綺
4111,PERSON,陳依
26764,PERSON,吳俞萱
23544,PERSON,林三孃
25302,PERSON,高雄旗山
25301,PERSON,英仁
25297,PERSON,陳鋕成
25287,PERSON,陳誌成
955,PERSON,陳菊市長
953,PERSON,陳麗娜
25254,PERSON,大仁 哥
25231,PERSON,佳濱
25227,PERSON,鍾 佳濱
27580,PERSON,簡維和
968,PERSON,簡振澄
932,PERSON,李雅靜
928,PERSON,陸淑美
25201,PERSON,拜託力
921,PERSON,劉馨正
918,PERSON,曾麗燕
27626,PERSON,楊曜
25085,PERSON,蔡英
910,PERSON,陳玫娟
905,PERSON,黃紹庭
1714,PERSON,賴瑞隆
902,PERSON,陳美雅
25222,PERSON,賴 清德
25307,PERSON, 英仁
25308,PERSON,朱立 倫
25311,PERSON,陳 建仁
25499,PERSON,郭玟成
1663,PERSON,吳濟華
1672,PERSON,李賢華
25452,PERSON,林三郎
1674,PERSON,李怡德
1008,PERSON,美濃謝鶴琳區長
1005,PERSON,李永得
25428,PERSON,馬英 九
25425,PERSON,郝柏村
1001,PERSON,邱議瑩
25395,PERSON,李美葵
999,PERSON,古秀妃
25393,PERSON,洪仲丘
25392,PERSON,楊尹星雯
25384,PERSON,尹清 楓
25383,PERSON,尹清楓
27463,PERSON,劉協同
25379,PERSON,洪慈庸
25374,PERSON,楊瓊瓔
27469,PERSON,魏肇津
25325,PERSON,龍頭
996,PERSON,范佐銘
995,PERSON,黃莉莉
25061,PERSON,蕭美琴
835,PERSON,陳勁甫
27697,PERSON,沃巴赫氏菌
27727,PERSON,陳啟煜
24741,PERSON,黃秋英
24731,PERSON,左楠區
24730,PERSON,黃韻涵
735,PERSON,曾文生
28005,PERSON,曹操
1856,PERSON,吳清陽
708,PERSON,汪志冰
1872,PERSON,吳敦義
28068,PERSON,劉光盛
28069,PERSON,謝志長
24684,PERSON,梁正翰
691,PERSON,林武忠
28078,PERSON,鼎宇
672,PERSON,陳若儀
24670,PERSON,陳明達
670,PERSON,陳君瑞
667,PERSON,劉淑芳
24665,PERSON,余淑真
24664,PERSON,許慧麗
657,PERSON,鄭仁富
656,PERSON,林明裕
24648,PERSON,慧光千
28126,PERSON,吳清喜
27976,PERSON,龍潭案
25523,PERSON,王聖 仁
27962,PERSON,歸亞蒂
27948,PERSON,黃俊英
25049,PERSON,李文忠
27758,PERSON,郭獻文
25033,PERSON,馮光遠
25028,PERSON,丁守中
25024,PERSON,吳思瑤
27770,PERSON,柏霖
27772,PERSON,蕭萬長
1752,PERSON,大魯閣
27778,PERSON,乎柏霖
27792,PERSON,許崑源
27813,PERSON,黃 柏霖
27827,PERSON,巫育靜
27838,PERSON,周桂香
24929,PERSON,王進士
24907,PERSON,陳 保基
24898,PERSON,鍾佳濱
27891,PERSON,陳保基
27898,PERSON,洪志昌
27911,PERSON,瑞隆
1830,PERSON,劉進興
27942,PERSON,胡志強
772,PERSON,張國光
27947,PERSON,邵曉玲
27951,PERSON,劉萬里
25557,PERSON,仲夏樂
27428,PERSON,史溫侯
27406,PERSON,陳依文
26588,PERSON,許 智傑
26557,PERSON,蘇炎成
26830,PERSON,趙昆原
26833,PERSON,江瑞堂
26527,PERSON,許銘春
1455,PERSON,長青學苑
26467,PERSON,張顯耀
26429,PERSON,王 和雄
1463,PERSON,李 永
26843,PERSON,吳信陵
1293,PERSON,詹永龍
26373,PERSON,孫○○
26370,PERSON,黃建嘉
26364,PERSON,賴素如
1514,PERSON,李進勇
1537,PERSON,陳美伶
26861,PERSON,沈明祥
1540,PERSON,李應元
26344,PERSON,邱毅
1279,PERSON,黃彥毓
1542,PERSON,陳添枝
26341,PERSON,王賢明
1545,PERSON,郭芳煜
26824,PERSON,張睿民
26900,PERSON,許 福明
1417,PERSON,林岱 樺
26819,PERSON,黃良江
26763,PERSON,李秀
26767,PERSON,陳黎
26769,PERSON,陳秋白
26762,PERSON,郭漢辰
26774,PERSON,林達陽
26756,PERSON,陳奕齊
26776,PERSON,夏夏
26779,PERSON,邱致清
26755,PERSON,李友煌
26753,PERSON,李長青
26752,PERSON,王聰威
26780,PERSON,李昌
26781,PERSON,方秋停
26784,PERSON,徐嘉澤
26790,PERSON,盧昱瑞
1375,PERSON,黃正忠
26794,PERSON,李文正
26706,PERSON,中芸港
26702,PERSON,謝政憲
26795,PERSON,沈建德
26672,PERSON,郭倫豪
1400,PERSON,林岱樺
26633,PERSON,烏龍
1415,PERSON,鳳芸里
24645,PERSON,葉明博
1549,PERSON,童振源
26952,PERSON,莊 啟旺
27180,PERSON,王如玄
1589,PERSON,曹啟鴻
1590,PERSON,曹啟 鴻
1592,PERSON,邱太三
25770,PERSON,站台
25764,PERSON,楠梓
25743,PERSON,高熊雄
27216,PERSON,許效舜
1096,PERSON,許立明
27218,PERSON,王愛枝
27234,PERSON,許如凱
27249,PERSON,羅金柱 
1620,PERSON,林錫耀
27319,PERSON,劉清水
27321,PERSON,曾富聰
27331,PERSON,林文欽
1642,PERSON,中山大學
27334,PERSON,曾欽榮
27343,PERSON,邱寶宗
27345,PERSON,蔣勳
27361,PERSON,李遠哲
27368,PERSON,吳念真
25652,PERSON,武則天
1579,PERSON,邱太 
26936,PERSON,苓雅
25878,PERSON,戴嘉聖
27125,PERSON,黃國忠
26962,PERSON,陸清海
26259,PERSON,楊茹憶
26174,PERSON,賴 瑞隆
26165,PERSON,邱營發
26155,PERSON,邱嗆聲
26151,PERSON,鍾易仲
27012,PERSON,李茂源
27016,PERSON,菊姐仔
27077,PERSON,張虔生
26112,PERSON,賴瑞 隆
27106,PERSON,黃國順
1134,PERSON,趙建喬
26006,PERSON,台南民
27113,PERSON,黃國富
25996,PERSON,鄭慶珍
27115,PERSON,黃國治
27116,PERSON,黃國寶
1571,PERSON,吳宏謀
27117,PERSON,黃國安
27118,PERSON,黃國書
25919,PERSON,林佩樺
25911,PERSON,呂金發
27120,PERSON,黃國正
1120,PERSON,鄧振中
402,PERSON,布希特
28136,PERSON,張調 
648,PERSON,林守政
28822,PERSON,張簡玲娟
482,PERSON,張勝盼
28893,PERSON,王主安
465,PERSON,蔡昌達
461,PERSON,張勝富
2457,PERSON,陳桂英
2458,PERSON,蕭婷云
28905,PERSON,王鄞鴦
28906,PERSON,王家班
28907,PERSON,王玉黛
483,PERSON,伊斯坦大．貝雅夫．正福
28912,PERSON,林園婦女會
2475,PERSON,高雄隊
459,PERSON,李順進
2480,PERSON,管碧玲
2495,PERSON,鄭捷
28917,PERSON,吳慧芬
28918,PERSON,陳有玉
28923,PERSON,王南榮
457,PERSON,吳益政
2526,PERSON,王孝維
2547,PERSON,張茂楠
2472,PERSON,陳其邁
28810,PERSON,仁特
28801,PERSON,蔡明曉
485,PERSON,陳政聞
505,PERSON,康議長
501,PERSON,林宛蓉
24096,PERSON,蕾 蒂
24090,PERSON,黃淑美議員
500,PERSON,陳明澤
28702,PERSON,沈柏青
24087,PERSON,鼎西里
498,PERSON,周玲妏
28705,PERSON,盧榮福
24082,PERSON,本館里
495,PERSON,羅鼎城
493,PERSON,俄鄧．殷艾
28713,PERSON,蔡金晏
490,PERSON,鄭光峰
28731,PERSON,╱ 　
2394,PERSON,蔡春紀
24023,PERSON,吳 思瑤
28735,PERSON,默 默
28768,PERSON,陳志勇
28773,PERSON,昝世蓉
2399,PERSON,震南
28789,PERSON,莊東漢
2401,PERSON,呂德育
28928,PERSON,洪淑慧
2625,PERSON,周玲玟
456,PERSON,林民傑
23879,PERSON,藤原弘
28984,PERSON,郭俊男
23706,PERSON,孟繁衍
2903,PERSON,馬湘萍
28985,PERSON,陳建利
28987,PERSON,王王王
425,PERSON,Iran-contra scandal
28994,PERSON,黃富濃
28997,PERSON,漯底山
28998,PERSON,周福來
23624,PERSON,民歡慶
417,PERSON,克林頓
2919,PERSON,楊正宏
23576,PERSON,張俊雄
2926,PERSON,潘孟安
23561,PERSON,邱昭仁
413,PERSON, Caspar W. Weinberger 
410,PERSON,full pardon
409,PERSON,阿扁
23559,PERSON,張榮輝
2947,PERSON,吳麗雪
29018,PERSON,鄭元順
23551,PERSON,李廣祥
3021,PERSON,柯說謝
23715,PERSON,鄧麗君
2327,PERSON,林德福
2890,PERSON,許傅盛
28980,PERSON,徐有成
2687,PERSON,柯文 哲
23873,PERSON,陳政
28936,PERSON,仁子孝
23867,PERSON,黎明光
2757,PERSON,柯Ｐ
2760,PERSON,謝長廷
445,PERSON,康裕成
28939,PERSON,二媳王秋英
2798,PERSON,謝長 廷
2808,PERSON,陳茂雄
442,PERSON,曾俊傑
23855,PERSON,陳駿彥
28945,PERSON,王坤堯
2828,PERSON,陳健仁
23844,PERSON,世豐善行
28947,PERSON,王文川
28948,PERSON,王國發
2857,PERSON,莊絢智
440,PERSON,黃石龍
433,PERSON,小英
2873,PERSON,湯志民
2875,PERSON,春圓
431,PERSON,陳水扁
28981,PERSON,范巽
507,PERSON,吳銘賜
508,PERSON,翁瑞珠
509,PERSON,張漢忠
28309,PERSON,黃色小鴨
563,PERSON,翁太明
562,PERSON,甲仙天
555,PERSON,三清太
2080,PERSON,劉德林
2081,PERSON,大溝頂商場
2089,PERSON,龔元高
551,PERSON,三清太乙
24380,PERSON,四維長青學苑
24377,PERSON,青中心
28393,PERSON,李志誠
24376,PERSON,鳳山長青學苑
28394,PERSON,吳昌翰
28398,PERSON,蘇慈容
28399,PERSON,楊采諭
24369,PERSON,吳豐盛
24368,PERSON,莊爵安
2100,PERSON,陳立聰
24356,PERSON,張瑞宗
547,PERSON,李柏毅
28401,PERSON,郭冠緯
2102,PERSON,郭志鴻
28402,PERSON,蘇英正
2032,PERSON,黃香菽
2109,PERSON,楊明州
24519,PERSON,李順欽
2013,PERSON,吳義隆
28159,PERSON,張調
646,PERSON,魏明谷
28199,PERSON,吉村
24637,PERSON,高明珠
1976,PERSON,賴文德
28201,PERSON,傅春旭
1987,PERSON,陳田錨
644,PERSON,許世昌
24616,PERSON,高雄路竹
28221,PERSON,黃尹歆
639,PERSON,陶笛家
632,PERSON,陳素月
24598,PERSON,王金 平
631,PERSON,陳榮茂
628,PERSON, 奇
627,PERSON,崇仙亭
28234,PERSON,莫泊桑
28236,PERSON,廖翊百
28242,PERSON,李昆 澤
601,PERSON,鍾盛有
24551,PERSON,黃奕凱
24541,PERSON,羅金柱
587,PERSON,清靜
584,PERSON,三清道祖
1936,PERSON,蕭永達
28403,PERSON,趙玉盞
28404,PERSON,楊上峰
2147,PERSON,朱文慶
521,PERSON,陳信瑜
2153,PERSON,新慶陽
2157,PERSON,郭志
28549,PERSON,徐男
2166,PERSON,劉福財
28550,PERSON,周章欽
28559,PERSON,林永富
2196,PERSON,高雄市
519,PERSON,郭建盟
24141,PERSON,徐永年
28573,PERSON,陳永章
28582,PERSON,陳盈秀
517,PERSON,顏曉菁
28611,PERSON,陳雅慧
2243,PERSON,南 北
516,PERSON,高閔琳
514,PERSON,陳導民
511,PERSON,簡煥宗
510,PERSON,何權峰
2315,PERSON,王育敏
28681,PERSON,莊維周
2319,PERSON,李彥秀
24197,PERSON,趙評
2119,PERSON,劉世芳
522,PERSON,李雨庭
28534,PERSON,張男
24271,PERSON,女英
24267,PERSON,張萃■
2123,PERSON,楊明洲
2127,PERSON,黃煜
541,PERSON,林芳如
540,PERSON,陳慧文
28410,PERSON,賴燃發
28411,PERSON,邱婉雯
24219,PERSON,萬龍
28412,PERSON,李志宏
538,PERSON,黃淑美
28420,PERSON,李小豆
28449,PERSON,王啟川
28451,PERSON,盧友義
28453,PERSON,葉殷志
537,PERSON,張豐藤
536,PERSON,林瑩蓉
535,PERSON,邱俊憲
28465,PERSON,梁定澎
533,PERSON,李喬如
523,PERSON,陳順利
2139,PERSON,王進焱
28532,PERSON,劉河山
24203,PERSON,趙評平
2525,PERSON,江志銘
12530,PERSON,高文政
22152,PERSON,許書基
9899,PERSON,曾美玲
9902,PERSON,林淑惠
15134,PERSON,李樑堅
15133,PERSON,蔡進興
15132,PERSON,張宥婷
15131,PERSON,李陳香
15130,PERSON,王進福
15129,PERSON,何宗穎
15127,PERSON,林政相
15125,PERSON,翁清太
15123,PERSON,謝佳霖
15121,PERSON,叢）
15120,PERSON,謝林美櫻
9905,PERSON,以 上
15139,PERSON,林水吉
15117,PERSON,嚴永和
15108,PERSON,中華道教
15106,PERSON,陳寶櫻
15103,PERSON,陳豐陳文財
15102,PERSON,李鴻祥
15101,PERSON,謝錫
9922,PERSON,邱名 璋
9924,PERSON,蘇嘉全
9942,PERSON,林子霞
9950,PERSON,蔡 復進
15090,PERSON,鄭宗哲
15088,PERSON,蘇石盾
15087,PERSON,陳進壽
9959,PERSON,詹宗翰
9976,PERSON,大橋光夫
15114,PERSON,陳瓊淳
15140,PERSON,夏如怡
15143,PERSON,陳黃雪珠
15144,PERSON,鄭宗德
15196,PERSON,李清標
15195,PERSON,房阿秋
15194,PERSON,陳茂昇
15193,PERSON,李王
15189,PERSON,李宗瑞
9793,PERSON,天野泉
15186,PERSON,阮美金
15183,PERSON,黃國勝
15182,PERSON,陳曾
9796,PERSON,盛局長
15178,PERSON,玄聖殿
15176,PERSON,洪榮良
15175,PERSON,王國華
9824,PERSON,日本江之電天野泉
15173,PERSON,潘俐霖
15172,PERSON,翁昭一
15170,PERSON,法喜
15145,PERSON,梁進財
15146,PERSON,王再萬
15147,PERSON,陳嘉基
9888,PERSON,邱名璋
15149,PERSON,龔郭美昭
15150,PERSON,大港保安宮
15084,PERSON,謝錫亭
9887,PERSON,曾智勇
15157,PERSON,玉寶殿
15159,PERSON,王永長
15161,PERSON,蔡淵松
15162,PERSON,夏宏養
9841,PERSON,梓官區
15168,PERSON,楊清河
15155,PERSON,高雄
15197,PERSON,陳怡均
15083,PERSON,郭賴富美
15078,PERSON,王銀寶
15019,PERSON,林水松
15018,PERSON,徐昕妤
15016,PERSON,無極
10129,PERSON,楊弘敦
15012,PERSON,鍾秀蘭
15011,PERSON,李俊
15010,PERSON,梁良 義
15007,PERSON,張簡慶賓
15004,PERSON,湯榮祥
15002,PERSON,謝陳滿
15001,PERSON,李炳丁
15000,PERSON,梁茂德
14999,PERSON,黃太乙
14998,PERSON,張芳甄
15021,PERSON,郭三源
14997,PERSON,吳文雄
14994,PERSON,白啟宏
14991,PERSON,宋素娟
14989,PERSON,黃鎮榮
14988,PERSON,謝 憲忠
14987,PERSON,簡春甲
14986,PERSON,潘明傳
14983,PERSON,陳秋萍
14980,PERSON,蘇建雄
14978,PERSON,陳明全
14977,PERSON,江福生
14975,PERSON,李振頡
10197,PERSON,張銘忠
14972,PERSON,陳國禎
14971,PERSON,黃逸萱
14996,PERSON,黃萬有
15022,PERSON,蔡輔雄
15023,PERSON,陳淑貞
10121,PERSON,萬毓澤
15077,PERSON,李楊淑華
15073,PERSON,何宏鈞
15071,PERSON,黃珮縈
15070,PERSON,許詩敏
15069,PERSON,柯明昇
10010,PERSON,志宏
15067,PERSON,唐文禎
10011,PERSON,林志宏
15061,PERSON,林振聰
15059,PERSON,林太任
15058,PERSON,李張卿春
15055,PERSON,吳秋珠
15054,PERSON,林寬鈿
15053,PERSON,梁進壽
15052,PERSON,許省盛
15050,PERSON,皇極玉
15049,PERSON,劉燕美
15026,PERSON,陳柏宇
15027,PERSON,廖淑紅
15028,PERSON,太文
15032,PERSON,紅毛港朝天宮
15034,PERSON,陳盈金
10072,PERSON,光夫
15082,PERSON,邵海溪
15038,PERSON,高雄巿
15040,PERSON,羅木松
15043,PERSON,梁宏安
15044,PERSON,黃順得
15045,PERSON,周詩盈
15047,PERSON,陳來座
10029,PERSON,佐藤草筆
15039,PERSON,陳興福
15200,PERSON,郭世芳
9775,PERSON,高雄醫學大學
15203,PERSON,朝后宮
9127,PERSON,王宏 榮
15894,PERSON,張榮化
9160,PERSON,七星蘆
9167,PERSON,謝斗燈
15885,PERSON,李長榮
15873,PERSON,楊司恭
9224,PERSON,梁順發
9233,PERSON,蘇本雄
9241,PERSON,蘇周連
9278,PERSON,林志展
9280,PERSON,蔡蘇秋金
9289,PERSON,福安徹
9292,PERSON,石森孝志
9319,PERSON,福安 徹
9111,PERSON,曾文忠
9358,PERSON,彭男
15729,PERSON,王錦榮
9384,PERSON,許績陵
15710,PERSON,黃伯雄
15676,PERSON,北高
15644,PERSON,先清
9439,PERSON,球盛典
15517,PERSON,庚醫院
15509,PERSON,高雄長庚
15508,PERSON,許父
15500,PERSON,許淑苓
15495,PERSON,Guy Wittich
15490,PERSON,紀維德
15482,PERSON, 　紀維德
9505,PERSON,汪俊良
9365,PERSON,高雄監
9097,PERSON,太上道祖
15955,PERSON,李建智
9077,PERSON,齊天
16123,PERSON,孫中山
8904,PERSON,簡志強
16106,PERSON,鄭南榕
16104,PERSON,尤美女
16101,PERSON,孫文
16094,PERSON,王定宇
8918,PERSON,吳麗慧
8925,PERSON,洪秀菊
8937,PERSON, 賴桑
8942,PERSON,賴桑
8943,PERSON,賴建忠
16071,PERSON,高志鵬
8972,PERSON,賴倍元
16067,PERSON,柯建銘
16057,PERSON,林貴美
8986,PERSON,郭敏能
16049,PERSON,宋慶信
9059,PERSON,齊天大
15964,PERSON,寒單爺
15973,PERSON,陳宏宗
9045,PERSON,陳虹龍
9028,PERSON,王宏榮
16001,PERSON,林正宗
9516,PERSON,唐國峰
9026,PERSON,劉備
16010,PERSON,林惟賢
16029,PERSON,邱瓊月
16035,PERSON,魏宗胤
8994,PERSON,張瑞仁
16037,PERSON,顏秋蓉
16047,PERSON,何芳賢
9025,PERSON,趙 天麟
9521,PERSON,張永昌
9523,PERSON,兄弟象
9557,PERSON,白法堯
9663,PERSON,楊澤泉
15251,PERSON,梁順德
15249,PERSON,郭秋櫻
15248,PERSON,王南海
15247,PERSON,方榮聰
15246,PERSON,李蔡淑貞
15244,PERSON,黃啟豪
15243,PERSON,劉鳳珠
15238,PERSON,翁文祈
15237,PERSON,呂睿麒
15236,PERSON,林美杏
15234,PERSON,大德
15233,PERSON,林憲能
15231,PERSON,枝美
15229,PERSON,萬軒食
15228,PERSON,王秀瑜
9690,PERSON,蘇姵文
15204,PERSON,龍瑩
15205,PERSON,李素澐
15206,PERSON,王沛靜
15207,PERSON,林金輝
15208,PERSON,吳建勳
15209,PERSON,洪誌鴻
15254,PERSON,鄭蔡素貞
15210,PERSON,蘇宛珊
15213,PERSON,李昀瑾
15214,PERSON,李美燕
15215,PERSON,何紹輔
15218,PERSON,鄭雅文
15221,PERSON,王水松
9712,PERSON,黃福良
15212,PERSON,楊明陶
14970,PERSON,楊家豪
15255,PERSON,李水棉
15258,PERSON,楊喜仰
9569,PERSON,陳雅惠
9587,PERSON,劉苑玲
15333,PERSON,鼎強里
15302,PERSON,魏琮達施
15300,PERSON,嚴東霖
15298,PERSON,廖美花
15297,PERSON,林秀美
9599,PERSON,楊志中
15295,PERSON,黃瑞峰
15291,PERSON,蘇榮嘉
15290,PERSON,陳科禮
9610,PERSON,涂建國
15285,PERSON,鄭勝彥
15284,PERSON,陳寶月
15281,PERSON,陳錦美
15280,PERSON,蔡明宏
15278,PERSON,郭永祥
15259,PERSON,盧仁美
15260,PERSON,陳德明
15261,PERSON,曾筑筠
15262,PERSON,吳淑慧
15263,PERSON,皇極玉虛天
15266,PERSON,楊梅瑾
15257,PERSON,王威仁
15267,PERSON,余笠均
15270,PERSON,惠翁兆正
15271,PERSON,吳 清坤
9650,PERSON,郭炎塗
15274,PERSON, 林水勝
9648,PERSON,吳建宏
15277,PERSON,黃春桂
15269,PERSON,張聖傑
8893,PERSON,鳳興里
14969,PERSON,蘇發成
14966,PERSON,郭信良
11616,PERSON,李昱德
11630,PERSON,趙偉城
11633,PERSON,忠孝國中
11634,PERSON,徐榮根
11643,PERSON,林讚新
30692,PERSON,李懿芳
13322,PERSON,林清益
11656,PERSON,王家宏
13302,PERSON,黃昭星
11660,PERSON,金政
11662,PERSON,斗山熊
11671,PERSON,忠孝國
13267,PERSON,黃 秀美
13265,PERSON,黃祺鳴
13406,PERSON,吳水河
11675,PERSON,倪國展
13237,PERSON,陳玉盆
11688,PERSON,鍾毓英
13230,PERSON,黃永光
13226,PERSON,黃萬教
11690,PERSON,金國中
11696,PERSON, 二軍
13194,PERSON,廖卿惠
13178,PERSON,伯公
11724,PERSON,蘇彥綸
11726,PERSON,潘成鴻
13160,PERSON,基伯公
11739,PERSON,樹德家商
11742,PERSON,陳茂霖
13148,PERSON,喬小英
13255,PERSON,江夏萬戶黃
11613,PERSON,李東原
13416,PERSON,吳響峻
13417,PERSON,宋楚 瑜
13617,PERSON,壽山動物園
11402,PERSON,謝謂君
11404,PERSON,許傳盛局長
11477,PERSON,陳建 仁
13566,PERSON,梁明輝
11528,PERSON,張錦麗
11530,PERSON,李坤城
13549,PERSON,莊金國
11534,PERSON,集賢公共托育中心
11551,PERSON,李翁月娥
11553,PERSON,陳啟能
13492,PERSON,熊粉
13484,PERSON,高雄熊
11554,PERSON,黃林玲玲
13474,PERSON,吳德祥
13473,PERSON,吳清菊
13471,PERSON,林天生
13418,PERSON,陳啟昌
11612,PERSON,大仁國中
13421,PERSON,黃茂雄
11610,PERSON,金政均
13439,PERSON,王金平
13442,PERSON,楊秋興
11744,PERSON,樹德
11576,PERSON,王耀弘
13447,PERSON,布莊
13449,PERSON,王玉發
11555,PERSON,李倩萍
13455,PERSON,許村郎布莊
13457,PERSON,李炷烽
13462,PERSON,吳清基
13446,PERSON,賴繁光
11386,PERSON,林文祺
13142,PERSON,蘇麗瓊
11751,PERSON,陳文瑞
12831,PERSON,莊華州
12824,PERSON,吳淑瑾
12286,PERSON,明明
12814,PERSON,王惠亮
12812,PERSON,高雄師大
12288,PERSON,廖建中
12807,PERSON,陳光復
12806,PERSON,王政彥
12805,PERSON,林皆興
12802,PERSON,吳連賞
12785,PERSON,沈健全
12784,PERSON,李俊璋
12777,PERSON,郭阿梅
12773,PERSON,沈建全
12890,PERSON,鳳青
12762,PERSON,蘇炎城
12757,PERSON,高雄應
12753,PERSON,劉馨
12751,PERSON,劉亞平
12370,PERSON,陳菊 
12738,PERSON,劉安球
12427,PERSON,顧超光
12671,PERSON,曾文南
12467,PERSON,朱文
12468,PERSON,黃富源
12487,PERSON,許繼德
12499,PERSON,周明鎮
12505,PERSON,杜世娟
12511,PERSON,蔡家福
12523,PERSON,范進財
12758,PERSON,吳明憲
12168,PERSON,衛藤征士郎
12157,PERSON,顏純左
12155,PERSON,山東昭子
13134,PERSON,陳啟昱
13132,PERSON,盧維屏
13126,PERSON,小英準
11772,PERSON,朱元祥
13110,PERSON,李林足素
13106,PERSON,方明賢
11833,PERSON,六龜大佛
11878,PERSON,仁愛里
11879,PERSON,呂繼承
11887,PERSON,林明田
13079,PERSON,藍黃玉鳳
11898,PERSON,吳石南
13067,PERSON,蔡柏英
13050,PERSON,宗景宜
11906,PERSON,郭泰山
11907,PERSON,凌志亨
11913,PERSON,林家里長
12139,PERSON,古屋圭司
12135,PERSON,沈斯淳
12129,PERSON,張花冠
12128,PERSON,安倍晉三
12111,PERSON,岸信夫
12106,PERSON,岸 信夫
13141,PERSON,張文燦
12960,PERSON,林子清
12972,PERSON,周鍾?
12983,PERSON,陳傑
12989,PERSON,俊賢
13008,PERSON,莊啟旺
11947,PERSON,孝兒
11942,PERSON,林志 宏
12963,PERSON,沈世芳
11381,PERSON,何擇良
11373,PERSON,姚雨靜
11372,PERSON,何應成
10561,PERSON,Ignacio Camacho
14627,PERSON,中山大學亞太所
14626,PERSON,余玲雅
14605,PERSON, 古秀妃
10571,PERSON,藍波安
14586,PERSON,劉達振
10573,PERSON,Burghard Pieske
10584,PERSON,王端仁
10589,PERSON,喀勒芳安
10602,PERSON,夏曼
14566,PERSON,宋國榮
10619,PERSON,瑞興國
14555,PERSON,于玉萍
14552,PERSON,陳景星
10483,PERSON,永懷堂
10620,PERSON,李翊騏
10621,PERSON,林歆育
14541,PERSON,柯耀程
14540,PERSON,黃志煌
14539,PERSON,王瑞琮
14535,PERSON,米芾
10622,PERSON,楠梓國
14531,PERSON,陳瑩琳
14530,PERSON,簡 順能
10626,PERSON,林雲峰
10627,PERSON,蔡盷倢
10633,PERSON,郭哲均
14523,PERSON,鄭輝雄
14522,PERSON,蔡嘉琛
14521,PERSON,盧曉騏
14549,PERSON,侯勝賢
10475,PERSON,凱特
14678,PERSON,陳菊前
10458,PERSON,李登輝
14965,PERSON,林佼燕
14964,PERSON,范水旺
14961,PERSON,李美玉
14957,PERSON,楊詞媛
14956,PERSON,陳曾惠琴
14955,PERSON,楊弼合
10223,PERSON,查莫洛
14953,PERSON,陳佩恩
10225,PERSON,茱迪思．旺帕
14949,PERSON,林吳
14948,PERSON,李來金
14947,PERSON,湯宗慶
14946,PERSON,玄明宮
10226,PERSON,哈國瑞
14944,PERSON,鄭榮洲
10233,PERSON,賴碧娜
14940,PERSON,黃竹芳
10449,PERSON,黃金煌
14728,PERSON,廖港民
14737,PERSON,魏煥忠
10442,PERSON,懷特
10439,PERSON,黃條讚
10438,PERSON,海頓
14520,PERSON,陳天才
10374,PERSON,高捷
10324,PERSON,蘇俊傑
14935,PERSON,希夷堂王 忠勇
14936,PERSON,鄭樹
14937,PERSON,蔡委霖
14938,PERSON,鄭宗輔
14939,PERSON,梁進雄
14761,PERSON,Ｍｏｈａｍｍｅｄ
14512,PERSON,葉國華
10642,PERSON,王竫詒
14506,PERSON,蘇信雄
11006,PERSON,曹公國
11029,PERSON,劉耀元
11044,PERSON,謝琍琍
11056,PERSON,王阿
11086,PERSON,顏 寬恆
11097,PERSON,陳綠蔚
11121,PERSON,林聖忠
11123,PERSON,Monsieur Jean ROATTA
11136,PERSON,Monsieur Didier PARAKIAN
11153,PERSON, Madame Dominique VLASTO
11162,PERSON,Madame Anne-Marie d'ESTIENNE d'ORVES
13857,PERSON,恭賀
11165,PERSON,M. Dominique TIAN
11168,PERSON, Monsieur Roland BLUM
13817,PERSON,涂醒哲
11178,PERSON,劉晟熙
11180,PERSON,王耀裕
11371,PERSON,蘇國 禎
11370,PERSON,蘇國禎
11367,PERSON,新港里
13710,PERSON,阿曼Oman Daily Observer
13715,PERSON,葉湟淇
11318,PERSON,黃仲銘
11000,PERSON,文昌帝君
11272,PERSON,吳釗燮
13735,PERSON,Abdulhussain Dawani
13741,PERSON,阿曼阿拉伯文
13745,PERSON,陳天爵
11197,PERSON,林金柱
11192,PERSON,洪進財
11185,PERSON,謝 水福
13731,PERSON,巴林 Gulfdallynews
14967,PERSON,林玉琴
13925,PERSON,陳少卿
10976,PERSON,郭同志
14504,PERSON,丁偉安
10645,PERSON,張簡智鵬
10646,PERSON,謝福財
10652,PERSON,張駿煌
14471,PERSON,李科永紀
10656,PERSON,小柯茗 竤
10665,PERSON,劉二銓
14456,PERSON,張丞賢
14454,PERSON,曾旭正
14384,PERSON,金大坤
14369,PERSON,余）世文
14368,PERSON,朱鎮五
10761,PERSON,李煥熏
14357,PERSON,安京煥
10788,PERSON,夢時代
14338,PERSON,楊碧川
14318,PERSON,陳銘城
10970,PERSON,琍琍
10925,PERSON,札摩拉
14063,PERSON,林鳳琪
14082,PERSON,陳彥嘉
14140,PERSON,邱 志偉
14144,PERSON,林益世
10996,PERSON,洪建發
14149,PERSON,春樹
10855,PERSON,鼎金
14255,PERSON,徐正義
14279,PERSON,蔣業維
14282,PERSON,戴淑芬
14297,PERSON,林芝宇
14317,PERSON,世文
10874,PERSON,范植谷
16138,PERSON,黃世宗
8888,PERSON,黃義英
16147,PERSON,陳宗圓
5558,PERSON,陳瑞騰
5565,PERSON,張永義
20374,PERSON,星期 六
5587,PERSON,陳百川
5596,PERSON,顏嘉弘
5606,PERSON,黃春燕
5653,PERSON,陳銘彬
5713,PERSON,林義雄
5726,PERSON,黃日進
5733,PERSON,韓賜村
5737,PERSON,賴杉桂
20156,PERSON,陳獻敬
20146,PERSON,玄天上帝
5810,PERSON,張文瑞
5557,PERSON,張修齊
20102,PERSON,三清 太乙
5830,PERSON,許智傑
5831,PERSON,蔡長展
20056,PERSON,範大學
20044,PERSON,李光富
20040,PERSON,陳敏祥
5883,PERSON,蔡孟裕
5919,PERSON,邱志偉
5928,PERSON,忠興里
12539,PERSON,蘇聰榮
5932,PERSON,文賢
19840,PERSON,基督教恩友中心
5948,PERSON,葉厝里
19782,PERSON,文衡殿關帝
5986,PERSON,林杏麗
20098,PERSON,龔瑞 璋
5556,PERSON,許傳盛
20409,PERSON,高明賢
5546,PERSON,恰同查理．布朗
5376,PERSON,陳新安
5394,PERSON,史哲
5397,PERSON,大溝頂
20693,PERSON,蘇士雅
20691,PERSON,皓汶
20689,PERSON,運添
20688,PERSON,友文
20686,PERSON,文淵
20684,PERSON,康裕成議長
5398,PERSON,鄭淵文
20679,PERSON,惠萍
20678,PERSON,信宏
20676,PERSON,國隆
20674,PERSON,雲松
20672,PERSON,青志
20669,PERSON,瑞鴻
20666,PERSON,樂仁啟智中心
5540,PERSON,于玲燕
20472,PERSON,台維斯
20489,PERSON,黃正
5502,PERSON,黃進雄
20503,PERSON,謝秋江
20541,PERSON,Lamigo桃猿
19749,PERSON,錢俊皞
5473,PERSON,劉文秀
5465,PERSON,張槃槐
20558,PERSON,鄭達鴻
5461,PERSON,游信智
5459,PERSON,劉己玄
20627,PERSON,黃俊順
20654,PERSON,郭進宗
20543,PERSON,林智勝
20740,PERSON,杜韋
19746,PERSON,文衡殿關帝君
5993,PERSON,彌陀國小
6293,PERSON,李瓊慧
6294,PERSON,曾美妙
6312,PERSON,黃富義
6325,PERSON,宋江陣
6345,PERSON,順賢宮
6347,PERSON,邱月櫻
6352,PERSON,黃正芬
6353,PERSON,呂錦隆
6354,PERSON,賴文泰
6382,PERSON,黃榮輝
19131,PERSON,李啟聰
6387,PERSON,莊燦隆
19114,PERSON,陳萬強
6390,PERSON,楊進基
19256,PERSON,陳師孟
6393,PERSON,林順輔
6436,PERSON,李新
6500,PERSON,水扁
6518,PERSON,簡久津
6519,PERSON,張譽
6520,PERSON,林鈺展
6526,PERSON,徐瑞駿
6528,PERSON,松邵文
6533,PERSON,陳論杰
6536,PERSON,汪長 宇
19030,PERSON,張銘池
19013,PERSON,嘉年華
6548,PERSON,簡佑廷
6549,PERSON,周莊閔
6557,PERSON,吳崇瑋
6397,PERSON,旗津國中
19258,PERSON,春趣
6288,PERSON,王「糸秀
19277,PERSON,六堆學文
6000,PERSON,吳明昌
6004,PERSON,陳文堂
6019,PERSON,王彥
6031,PERSON,那瑪夏國中
19679,PERSON,阮綜合醫院
6043,PERSON,谷縱．喀勒芳安
6050,PERSON,茂林國中
6056,PERSON,曾勇夫
6061,PERSON,辜仲諒
6076,PERSON,越方
6092,PERSON,陳水
6097,PERSON,陳報狀
6106,PERSON,吳豐賓
6119,PERSON,金延華
19502,PERSON,漢神百貨
6129,PERSON,陳明
19484,PERSON,盧繼先
19291,PERSON,曾貴海
6259,PERSON,封后 
6243,PERSON,江雅涵
19358,PERSON,蔣丙煌
6211,PERSON,王正富
6200,PERSON,洪媺
19741,PERSON,關聖帝君
19409,PERSON,鄭明昌
6173,PERSON,周國金
19446,PERSON,陳錦隆
6165,PERSON,顏蕊涵
6153,PERSON,余佳玲
6152,PERSON,顏安妮
19466,PERSON,漢神巨蛋
6197,PERSON,顏綺翾
5357,PERSON,黃啟川
5355,PERSON,侯彩 鳳
5354,PERSON,大揚文
21854,PERSON,林勝德
21811,PERSON,林芳 
21799,PERSON,陳進發
4693,PERSON,侯帛卲
21783,PERSON,羅碧燕
21780,PERSON,周文雄
4697,PERSON,沈靜怡
21692,PERSON,陳春生
21688,PERSON,林宏明
21676,PERSON,謝系
4708,PERSON,鄒尚桐
21610,PERSON,黃 秋泉
4721,PERSON,駱子安
4722,PERSON,賴緯霖
21856,PERSON,許正翰
4725,PERSON,李承謙
4726,PERSON,游淑惠
21533,PERSON,齊讚
21515,PERSON,小英基
4782,PERSON,菅谷眧
4805,PERSON,柯曾提
4806,PERSON,鄭文燦
21428,PERSON,楊竹星
21426,PERSON,許任璿
21415,PERSON,延周四
4808,PERSON,林鶴明
4825,PERSON,林佳 龍
4839,PERSON,華平
21355,PERSON,李佳玲
4853,PERSON,訓祥
21563,PERSON, 訓
21857,PERSON,陳連長
4630,PERSON,葉松瑋
21859,PERSON,許福森
22095,PERSON,梁雅琪
4503,PERSON,戴秀妤
4511,PERSON,蘇中原
4521,PERSON,Cheekwony
22071,PERSON,謝清泉
22070,PERSON,劉鎮寧
4522,PERSON,Thomas
22065,PERSON,王欽源
22060,PERSON,陳瑩
22059,PERSON,吳慶榮
22058,PERSON,廖國棟
22051,PERSON,黃健庭
4528,PERSON,潘儀娟
22047,PERSON,李素琴
22042,PERSON,余明勳
22040,PERSON,劉櫂豪
4546,PERSON,范巽綠
21866,PERSON,蔡權明
4627,PERSON,蔡平賜
21887,PERSON,黃吉村
21894,PERSON,鄭清福
21916,PERSON,葉冠億
21924,PERSON,金猴
4855,PERSON,胡俊雄
21928,PERSON,旗山天后宮
4588,PERSON,曾姿雯
4580,PERSON,御柱祭
21985,PERSON,蘇震清
21993,PERSON,黃偉哲
22007,PERSON,鄭麗君
4562,PERSON,柳平千
4614,PERSON,柳平
21340,PERSON,侯明峰
21338,PERSON,林憶婷
21335,PERSON,李建勳
5145,PERSON,鎌倉大佛莊
21068,PERSON,李永 
21063,PERSON,邱淑容
5162,PERSON,宋貴龍
21047,PERSON,寶來國中
5237,PERSON,高清愿
20996,PERSON,陳國清
5254,PERSON,云云
5285,PERSON,陳訓祥
20975,PERSON,張光正
20972,PERSON,王錦慧
20970,PERSON,馬丁路德
5286,PERSON,李昇奇
5291,PERSON,李政穎
5295,PERSON,沈智荃
20963,PERSON,柯P
20962,PERSON,顧庭銘
5345,PERSON,唐心
5335,PERSON,侯彩鳳
5317,PERSON,陳清 茂
20883,PERSON,黃文谷
5301,PERSON,沈 英章
20887,PERSON,武部惠子
5142,PERSON,釋迦牟尼佛
20888,PERSON,王弘妃
20951,PERSON,顧志遠
20954,PERSON,輔英
20955,PERSON,沈清良
20957,PERSON,周守民
20958,PERSON,賈伯斯
20960,PERSON,中村修二
20898,PERSON,劉銀惠
18998,PERSON,林英斌
21080,PERSON,智培
21093,PERSON,藍少白
21334,PERSON,長期照護
21323,PERSON,沙志一
21314,PERSON,方信淵
4869,PERSON,鄭月霞
4873,PERSON,劉登榮
21294,PERSON,蔡日耀
4879,PERSON,黃文裕
21283,PERSON,綺麗屋
4880,PERSON,黃清景
4882,PERSON,薛富升
4886,PERSON,鍾通祥
4889,PERSON,陳蔡根
21242,PERSON,周登春
4894,PERSON,蔡鎮興
4895,PERSON,張簡龍
4896,PERSON,張乃千
4898,PERSON,劉德文
5133,PERSON,莊朝嘉
5072,PERSON,阿部
21110,PERSON,雷根
21117,PERSON,蔡英 
21120,PERSON,卡特
21133,PERSON,中立說
21087,PERSON,黃智培
21141,PERSON,歐尼爾
21164,PERSON,郭東義
4944,PERSON,花媽
21180,PERSON,楊雅玲
21188,PERSON,劉建忻
4917,PERSON,前鎮區莊志明
4905,PERSON,陳善慧
21143,PERSON,劉姥姥
18993,PERSON,林錦章
6562,PERSON,鄭勝柔
6619,PERSON,星雲
17296,PERSON,王國慶
7938,PERSON,林芬瑩
7939,PERSON,林勝山
7942,PERSON,陳文求
7953,PERSON,走馬 
7954,PERSON,何啟功
7965,PERSON,鍾飲文
7966,PERSON,黃洽鑽
17210,PERSON,蘇貞昌
7985,PERSON,何 啟功
17165,PERSON,林園區
17163,PERSON,旗津區
17159,PERSON,小英輔
17157,PERSON,駱邦吉
7920,PERSON,丁秋塗
17151,PERSON,蔡小英
17142,PERSON,林淑娟
17140,PERSON,施維明
17130,PERSON,林玉魁
17106,PERSON,吳 宏
17055,PERSON,陳克威
17044,PERSON,敖博勝
17040,PERSON,李玉文
17036,PERSON,李福軒
17034,PERSON,林火旺
17001,PERSON,陳學聖
16991,PERSON,洪秀柱
16988,PERSON,陳克誠
16967,PERSON,潘俐燕
16964,PERSON,李秀蓉
17143,PERSON,吳永揮
7911,PERSON,林天祥
7909,PERSON,李培元
7906,PERSON,吳俊德
7516,PERSON,戴文正
7519,PERSON,谷縱
7520,PERSON,古玉花
7522,PERSON,高義展
7524,PERSON,伊斯坦大．貝雅夫
7526,PERSON,谷縱·喀勒芳安
7528,PERSON,長高義展
7530,PERSON,張惠美
7544,PERSON,趙天霖
7554,PERSON,陽明
7561,PERSON,司馬昭
7564,PERSON,李昆澤
7594,PERSON,鐘嘉德
7597,PERSON,張揆
7619,PERSON,達海
17575,PERSON,張秋文
7634,PERSON,張新榮
7894,PERSON,方德隆
17334,PERSON,李福芃
7879,PERSON,曾乾瑜
7870,PERSON,李淑惠
7845,PERSON,許坤揚
7812,PERSON,陳綵凰
16937,PERSON,陳敬忠
7806,PERSON,劉江
7758,PERSON,吳敏貞
17497,PERSON,左營文武聖殿
7748,PERSON,吳女
7699,PERSON,何志偉
7681,PERSON,郝龍斌
7639,PERSON,尤潔
7765,PERSON,高雄區
16936,PERSON,Ο文
16903,PERSON,楊澤安
16901,PERSON,郭進 宗
16388,PERSON,泰弘
16386,PERSON,石垣英
8684,PERSON,菊姐
16367,PERSON,徐 府
16361,PERSON,高雄永安
16354,PERSON,徐懋功
16348,PERSON,天文宮
16336,PERSON,徐府
16335,PERSON,李淵
16308,PERSON,武則天坐天
16296,PERSON,萬善爺
16289,PERSON,玉皇上帝
8793,PERSON,吳軒銘
16247,PERSON,李美金
8806,PERSON,蔡茂耀
16227,PERSON,蔡金宴
16212,PERSON,李眉蓁
16148,PERSON,濮大威
8873,PERSON,黃清江
16154,PERSON,韓洪開
16157,PERSON,張其祿
16159,PERSON,孫智嫻
16167,PERSON,郝建生
16403,PERSON,Michael Bostwick
8830,PERSON,張吉雄
16173,PERSON,June Lee
16178,PERSON,Mayumi Okabayashi
16191,PERSON,吳修銘
16193,PERSON,洪祥植
16195,PERSON,June Lee 
16197,PERSON,嚴潤森
8829,PERSON,蔡朝鵬
7508,PERSON,許春美
16454,PERSON,金秀麗
8552,PERSON,徐志鈴
8081,PERSON,詹嘉郁
16876,PERSON,方奕傑
8085,PERSON,邱志 偉
16849,PERSON,沈茂松
16843,PERSON,陳啟中
16828,PERSON,襲皇光
16827,PERSON,正修大
8111,PERSON,洪梅珍
8119,PERSON,曾莉莉
16812,PERSON,林 烈利
16808,PERSON,吳百祿
16800,PERSON,邱楨誠
16799,PERSON,龔瑞璋
8129,PERSON,許鳳文
16793,PERSON,龔文雄
8132,PERSON,瑞祥高中
8133,PERSON,瑞祥高
8526,PERSON,吳盈良
16521,PERSON,觀亭國小
8425,PERSON,蔡其昌
8382,PERSON,洪奇昌
16652,PERSON,郭台銘
16659,PERSON,邱敬斌
16463,PERSON,高雄愛河
16664,PERSON,鴻海
8233,PERSON,陳金德
8222,PERSON,萬巴德
8215,PERSON,韓明榮
16767,PERSON,高淑慧
8181,PERSON,張復聚
16772,PERSON,富駿公司
16684,PERSON,蔡 柏英
22192,PERSON,冬啟程
17788,PERSON,杜紫軍
7488,PERSON,陳志成
18505,PERSON,邱瑞金
18502,PERSON,李惠寧
18499,PERSON,藍美珍
18495,PERSON,李元新
18493,PERSON,王昌文
18488,PERSON,陳興發
18478,PERSON,陳進德
18472,PERSON,謝汀嵩
18470,PERSON,吳淑惠
18469,PERSON,薛茂竹
18466,PERSON,陳佑瑞
18462,PERSON,蘇秀美
18461,PERSON,鳥松區
6921,PERSON,鍾孔炤
18558,PERSON,衛生福利部
18456,PERSON,甲仙區
18452,PERSON,蔡登山
18451,PERSON,楊娟華
6938,PERSON,趙天麟
6941,PERSON,李 昆澤
18438,PERSON,苓雅區
18437,PERSON,袁德明
18435,PERSON,三民區
18431,PERSON,陳姿芬
18430,PERSON,鄭明興
18429,PERSON,鄭志良
18427,PERSON,丁姬伶
18426,PERSON,謝水福
18422,PERSON,魏瑟瑄
18419,PERSON,邱金寶
18454,PERSON,燕巢區
18572,PERSON,黃羽彤
18576,PERSON,張博評
6873,PERSON,春木俊郁
18958,PERSON,史明
18953,PERSON,魏德聖
18952,PERSON,史明紀
18931,PERSON,彭明敏
18929,PERSON,Nylon
18923,PERSON,澎恰恰
18917,PERSON,姚文智
18891,PERSON,孫清義
18885,PERSON,楊文振
18871,PERSON,李長生
18870,PERSON,張啟風
6703,PERSON,新北秀峰
6730,PERSON,北秀峰
18771,PERSON,徐正光
18769,PERSON,曾貴
18767,PERSON,李旺台
18766,PERSON,林生祥
18582,PERSON,蔡睿亞
6872,PERSON,Charles Williams
18608,PERSON,孫致仁
18609,PERSON,林忠駿
6863,PERSON,田中諒平
6862,PERSON,高雄社教館
7062,PERSON,高雄市環保局
6848,PERSON,菊水紗
6839,PERSON,精忠育幼院
6836,PERSON,姚 雨靜
6818,PERSON,陳田植
6813,PERSON,吳文正
18756,PERSON,吳錦發
18762,PERSON,吳應文
6840,PERSON,內野佑美
18389,PERSON,聖帝祖
18386,PERSON,拉大龜王
18373,PERSON,孫立群
7414,PERSON,中正國
7420,PERSON,昭明國小
17995,PERSON,蔡憲浩
7422,PERSON,崇德國小
17989,PERSON,陳淑華
17987,PERSON,段宜康
7431,PERSON,五福國小
7434,PERSON,紅毛港
17977,PERSON,阮昭雄
17974,PERSON,陳明文
17972,PERSON,陳勝宏
7449,PERSON,國際冠君
17963,PERSON,三梁進德冠
17960,PERSON,唐太宗
17957,PERSON,德冠
17946,PERSON,三梁進德
7450,PERSON,國際
17840,PERSON,際馬拉松
7479,PERSON,陳振坤
17871,PERSON,林志東
17886,PERSON,陳海通
7476,PERSON,智鴻
7453,PERSON,李州正
17999,PERSON,羅致政
17901,PERSON,三梁
17906,PERSON,高雄永安天文宮
7451,PERSON,張簡麗琴
17919,PERSON,進德
17922,PERSON,二梁
17928,PERSON,一梁
17938,PERSON,洪正忠
17904,PERSON,李勣
7492,PERSON,辛在勤
7411,PERSON,葉玉如
18054,PERSON,張恩成
18365,PERSON,馮燕
18354,PERSON,陳威仁
18352,PERSON,蕭家淇
7164,PERSON,蔡習
7181,PERSON,習近平
7219,PERSON,趙怡
7285,PERSON,羅比諾
7291,PERSON,朱元宏
18296,PERSON,林明輝
7292,PERSON,林士昌
7300,PERSON,楊正中
18253,PERSON,徐府千歲
7301,PERSON,張立傑
7306,PERSON,李中
18228,PERSON,李世勣
18226,PERSON,徐懋公
7311,PERSON,王義川
18056,PERSON,江浚昌
18071,PERSON,長游錫
18074,PERSON,游錫
18075,PERSON,方方土
7407,PERSON,劉瑞銘
18098,PERSON,林中森
7409,PERSON,小齊天
7406,PERSON,謝逸華
7393,PERSON,萌寶貴
7389,PERSON,簡美姿
18184,PERSON,西南
18194,PERSON,洪富賢
18197,PERSON,林蒲
7319,PERSON,何敏誠
7394,PERSON,濟會
5931,PERSON,林水欽
